source;cible;type_de_lien;portee;niveau_preuve;reference
Journey to the West;Dragon Ball;influence_attestee;base d'aventure, personnages, imagerie;A;https://www.kanzenshuu.com/translations/seg-story-volume-truth-about-dragon-ball/
Films de kung-fu (Jackie Chan, Drunken Master);Dragon Ball;influence_attestee;impulsion kung-fu, Dragon Boy;A;https://www.kanzenshuu.com/translations/seg-story-volume-truth-about-dragon-ball/
Bruce Lee;Dragon Ball;influence_attestee;reference d'action citee;A;https://www.kanzenshuu.com/translations/seg-story-volume-truth-about-dragon-ball/
Kinnikuman;Dragon Ball;influence_attestee;reference graphique;A;https://www.kanzenshuu.com/translations/akira-toriyama-tankobon-ask-me-anything/
Ring ni Kakero;Dragon Ball;non_verifie;antecedent de genre uniquement;D;
Campbell - Hero with a Thousand Faces;Dragon Ball;non_verifie;grille d'analyse, pas source;D;https://en.wikipedia.org/wiki/The_Hero_with_a_Thousand_Faces
Mad Max 2 / Bruce Lee / cinema d'action;Hokuto no Ken;influence_attestee;ton post-apocalyptique, action;A;https://geekculture.co/fist-of-the-north-star-creator-tetsuo-hara-mad-max-furiosa-george-miller/
Hokuto no Ken;Dragon Ball;influence_mediee;reorientation editoriale via Torishima;B;https://thedaoofdragonball.com/blog/interviews/akira-toriyama-editor-says-there-is-nothing-to-learn-from-dragon-ball/
Hokuto no Ken;JoJo;influence_attestee;musculature, violence visuelle, premieres parties;C;https://screenrant.com/fist-north-star-jojo-berserk-influence-manga/
Hokuto no Ken;Berserk;influence_attestee;influence la plus significative declaree, impact du geste;A;https://en.wikipedia.org/wiki/Berserk_(manga)
Devilman / Go Nagai;Berserk;influence_attestee;horreur, monstruosite;B;https://www.cbr.com/kentaro-miura-berserk-creator-trivia-fun-facts/
Dororo;Berserk;influence_attestee;Hyakkimaru, main prothetique de Guts;B;https://en.wikipedia.org/wiki/Berserk_(manga)
Guin Saga;Berserk;influence_attestee;fantasy au long cours, echelle de l'epee;B;https://en.wikipedia.org/wiki/Berserk_(manga)
Akira;Berserk;influence_attestee;composition de planches, cadrage;B;https://en.wikipedia.org/wiki/Berserk_(manga)
Shojo 1970s (Rose of Versailles, Hagio, Oshima);Berserk;influence_attestee;expression des sentiments, Griffith;A;https://en.wikipedia.org/wiki/Berserk_(manga)
Kinnikuman;Yu Yu Hakusho;influence_attestee;bascule comedie vers combat;B;https://hunterxhunter.fandom.com/wiki/User_blog:MrGenial11/Jump_Ryu_Vol.21:_Yoshihiro_Togashi
JoJo (Stands);Yu Yu Hakusho;influence_attestee;pouvoirs de territoire, arc Sensui;B;https://www.cbr.com/jojos-bizarre-adventure-part-4-yu-yu-hakusho/
JoJo (Stands);Hunter x Hunter;influence_attestee;modele rapporte pour le Nen;C;https://jojowiki.com/List_of_References_to_JoJo
Saint Seiya;Yu Yu Hakusho;non_verifie;aucune declaration retrouvee;D;
Yu Yu Hakusho;Naruto;influence_attestee;Suzaku -> Kage Bunshin ; Hiei -> Sasuke;B;https://hunterxhunter.fandom.com/wiki/User_blog:MrGenial11/Yoshihiro_Togashi_x_Masashi_Kishimoto_interview
Hunter x Hunter;Naruto;influence_attestee;expressions en scenes de danger;B;https://hunterxhunter.fandom.com/wiki/User_blog:MrGenial11/Yoshihiro_Togashi_x_Masashi_Kishimoto_interview
Dragon Ball;Naruto;influence_attestee;construction du recit, equilibre noir/blanc;B;https://onepiece.fandom.com/wiki/User_blog:Besty17/Eiichiro_Oda_and_Masashi_Kishimoto_Preview_Interview
Saint Seiya;Bleach;influence_attestee;armement, scenes de bataille;A;https://www.liveabout.com/interview-tite-kubo-2282834
GeGeGe no Kitaro;Bleach;influence_attestee;yokai, dessin de personnages;A;https://www.liveabout.com/interview-tite-kubo-2282834
Yu Yu Hakusho;Bleach;non_verifie;parente de ton insuffisante;D;
Vicky le Viking;One Piece;influence_attestee;interet d'enfance pour les pirates;B;https://en.wikipedia.org/wiki/Eiichiro_Oda
Dragon Ball;One Piece;influence_attestee;modele graphique majeur;A;https://animehunch.com/oda-reveals-he-was-influenced-by-dragon-balls-art-style/
Dragon Ball;One Piece;ecart_delibere;evitement du pur manga de combat;A;https://screenrant.com/one-piece-manga-beaten-dragon-ball-eiichiro-oda/
One Piece;Fairy Tail;non_verifie;aucune source directe;D;
Dragon Ball;Fairy Tail;contexte_auteur;manga favori d'enfance de Mashima;B;https://www.animenewsnetwork.com/interview/2008-08-17/hiro-mashima
Rave Master;Fairy Tail;influence_attestee;experience anterieure, idee de communaute;A;https://www.animenewsnetwork.com/interview/2008-08-17/hiro-mashima
Bleach;Jujutsu Kaisen;influence_attestee;cite par Akutami;A;https://edomonogatari.wordpress.com/2021/03/14/akutami-kubo/
Hunter x Hunter;Jujutsu Kaisen;influence_attestee;cite par Akutami;A;https://edomonogatari.wordpress.com/2021/03/14/akutami-kubo/
Evangelion;Jujutsu Kaisen;influence_attestee;imagerie mythologique puis registre distinct;A;https://edomonogatari.wordpress.com/2021/03/14/akutami-kubo/
JoJo;Demon Slayer;influence_attestee;cite parmi trois influences;C;https://otakuusamagazine.com/koyoharu-gotoge-reveals-manga-inspired-demon-slayer/
Naruto;Demon Slayer;influence_attestee;cite parmi trois influences;C;https://otakuusamagazine.com/koyoharu-gotoge-reveals-manga-inspired-demon-slayer/
Bleach;Demon Slayer;influence_attestee;cite parmi trois influences;C;https://otakuusamagazine.com/koyoharu-gotoge-reveals-manga-inspired-demon-slayer/
Naruto;My Hero Academia;influence_attestee;cadrage et decoupage de scenes precises;B;https://www.resetera.com/threads/interview-between-horikoshi-my-hero-academia-and-kishimoto-naruto.238057/
Berserk;Black Clover;influence_attestee;decors, combats, esprit transpose en shonen;A;https://www.lepoint.fr/pop-culture/black-clover-le-meilleur-manga-de-fantasy-explique-par-son-auteur-07-07-2018-2233981_2920.php
Dragon Ball;Black Clover;influence_attestee;vocation, dynamique des combats;A;https://blog.francetvinfo.fr/popup/2018/09/18/dragon-ball-ma-donne-envie-de-faire-ce-metier-entretien-avec-yuki-tabata-lauteur-du-shonen-manga-black-clover.html
Bleach;Black Clover;influence_rapportee;portee a preciser;C;https://en.wikipedia.org/wiki/Black_Clover
Dragon Ball;Radiant;influence_attestee;cite par Valente;A;https://www.bodoi.info/tony-valente-on-a-le-droit-de-dessiner-du-manga-en-france/
Naruto;Radiant;influence_attestee;cite par Valente;A;https://www.bodoi.info/tony-valente-on-a-le-droit-de-dessiner-du-manga-en-france/
One Piece;Radiant;influence_attestee;cite par Valente;A;https://www.bodoi.info/tony-valente-on-a-le-droit-de-dessiner-du-manga-en-france/
Fairy Tail;Radiant;ecart_delibere;ressemblances signalees puis elements modifies;C;https://asiapacificarts.org/2018/11/28/nycc-interview-radiant-manga-creator-tony-valente/
Contes de Grimm;The Hunters Guild Red Hood;influence_attestee;relecture sombre presentee par l'editeur;A;https://www.viz.com/hunters-guild-red-hood
Horikoshi;The Hunters Guild Red Hood;contexte_professionnel;assistanat de Kawaguchi, pas preuve d'influence;C;https://www.viz.com/hunters-guild-red-hood
Watchmen;Worm;non_verifie;contexte historique seulement;D;https://t4nky.wordpress.com/2015/07/02/interview-with-wildbow/
Legion of Nothing;Worm;influence_attestee;format web-serial rendu envisageable;A;https://t4nky.wordpress.com/2015/07/02/interview-with-wildbow/
Tales of MU;Worm;influence_attestee;format web-serial rendu envisageable;A;https://t4nky.wordpress.com/2015/07/02/interview-with-wildbow/
Harry Potter;HPMOR;univers_source;fanfiction derivee;A;https://en.wikipedia.org/wiki/Harry_Potter_and_the_Methods_of_Rationality
HPMOR;Mother of Learning;non_verifie;aucune declaration retrouvee;D;
Harry Potter / Naruto (fandoms);Mother of Learning;influence_attestee;inspirations mineures declarees;B;https://www.fictionpress.com/~nobody103
Exile/Avernum, D&D, Fullmetal Alchemist;Mother of Learning;influence_attestee;citees par l'auteur;B;https://www.fictionpress.com/~nobody103
