cycle,section,platform,works,fiches,simple,weighted,median,ratings_total
Stormlight Archive,Principal,Goodreads,5,5,4.588,4.637967168990141,4.6,2083518
Stormlight Archive,Principal,SensCritique,5,10,8.097670479986082,8.144569120287255,8.086206896551724,2228
Stormlight Archive,Annexes,Goodreads,2,2,4.215,4.204106743682828,4.215,335514
Stormlight Archive,Annexes,SensCritique,2,2,6.75,6.733333333333333,6.75,45
A Song of Ice and Fire,Principal,Goodreads,5,5,4.39,4.4120293583539905,4.42,6311798
A Song of Ice and Fire,Principal,SensCritique,5,5,8.120000000000001,8.14306447885371,8.1,21635
A Song of Ice and Fire,Annexes,Goodreads,3,3,4.196666666666666,4.179303590643374,4.25,352221
A Song of Ice and Fire,Annexes,SensCritique,3,4,7.722161671207992,7.5815503875968995,7.6,1290
Harry Potter,Principal,Goodreads,7,7,4.535714285714286,4.522117744419042,4.57,37817113
Harry Potter,Principal,SensCritique,7,7,7.671428571428572,7.655854718697884,7.7,414341
Harry Potter,Annexes,Goodreads,8,8,3.98375,3.737274944183477,4.050000000000001,2447304
Harry Potter,Annexes,SensCritique,8,8,6.6125,6.239637733853375,6.65,15127
Kingkiller Chronicle,Principal,Goodreads,2,2,4.535,4.5309127563213,4.535,1760437
Kingkiller Chronicle,Principal,SensCritique,2,3,8.149999999999999,8.143247905372103,8.149999999999999,4058
Kingkiller Chronicle,Annexes,Goodreads,3,3,3.683333333333333,3.8852839922688394,3.86,203333
Kingkiller Chronicle,Annexes,SensCritique,1,1,6.7,6.7,6.7,137
The Witcher,Principal,Goodreads,7,7,4.175714285714285,4.1707283724794015,4.16,1502322
The Witcher,Principal,SensCritique,7,7,7.457142857142857,7.434992142482975,7.5,11454
The Witcher,Annexes,Goodreads,2,2,4.005,3.9906391573349698,4.005,97785
The Witcher,Annexes,SensCritique,2,2,6.95,6.911942959001784,6.95,561
Légende arthurienne — textes fondateurs,Fondateurs,Goodreads,12,12,3.736666666666667,3.790986152460534,3.7199999999999998,159884
Légende arthurienne — textes fondateurs,Fondateurs,SensCritique,12,12,7.55,7.193837753510141,7.5,6410
Légende arthurienne — réécritures modernes,Réécritures,Goodreads,15,15,4.123333333333333,4.150913155240295,4.11,614660
Légende arthurienne — réécritures modernes,Réécritures,SensCritique,11,12,7.487610345361623,7.498206278026905,7.5,1784
The Lord of the Rings,Principal,Goodreads,3,3,4.503333333333333,4.467060523615379,4.51,5511832
The Lord of the Rings,Principal,SensCritique,3,3,8.4,8.359765287924985,8.3,17383
