cycle,section,platform,position,title,rating,ratings_count,source,fiches,detail,aggregate
Stormlight Archive,Principal,Goodreads,1,The Way of Kings,4.66,727396,https://www.goodreads.com/series/49075-the-stormlight-archive,1,,True
Stormlight Archive,Principal,Goodreads,2,Words of Radiance,4.76,532549,https://www.goodreads.com/series/49075-the-stormlight-archive,1,,True
Stormlight Archive,Principal,Goodreads,3,Oathbringer,4.6,393225,https://www.goodreads.com/series/49075-the-stormlight-archive,1,,True
Stormlight Archive,Principal,Goodreads,4,Rhythm of War,4.56,267686,https://www.goodreads.com/series/49075-the-stormlight-archive,1,,True
Stormlight Archive,Principal,Goodreads,5,Wind and Truth,4.36,162662,https://www.goodreads.com/series/49075-the-stormlight-archive,1,,True
A Song of Ice and Fire,Principal,Goodreads,1,A Game of Thrones,4.45,2818198,https://www.goodreads.com/series/43790-a-song-of-ice-and-fire,1,,True
A Song of Ice and Fire,Principal,Goodreads,2,A Clash of Kings,4.42,1052073,https://www.goodreads.com/series/43790-a-song-of-ice-and-fire,1,,True
A Song of Ice and Fire,Principal,Goodreads,3,A Storm of Swords,4.55,871708,https://www.goodreads.com/series/43790-a-song-of-ice-and-fire,1,,True
A Song of Ice and Fire,Principal,Goodreads,4,A Feast for Crows,4.18,813469,https://www.goodreads.com/series/43790-a-song-of-ice-and-fire,1,,True
A Song of Ice and Fire,Principal,Goodreads,5,A Dance with Dragons,4.35,756350,https://www.goodreads.com/series/43790-a-song-of-ice-and-fire,1,,True
Harry Potter,Principal,Goodreads,1,Harry Potter and the Philosopher's Stone,4.47,11816633,https://www.goodreads.com/series/45175-harry-potter,1,,True
Harry Potter,Principal,Goodreads,2,Harry Potter and the Chamber of Secrets,4.43,4672988,https://www.goodreads.com/series/45175-harry-potter,1,,True
Harry Potter,Principal,Goodreads,3,Harry Potter and the Prisoner of Azkaban,4.58,5042907,https://www.goodreads.com/series/45175-harry-potter,1,,True
Harry Potter,Principal,Goodreads,4,Harry Potter and the Goblet of Fire,4.57,4348877,https://www.goodreads.com/series/45175-harry-potter,1,,True
Harry Potter,Principal,Goodreads,5,Harry Potter and the Order of the Phoenix,4.5,3925476,https://www.goodreads.com/series/45175-harry-potter,1,,True
Harry Potter,Principal,Goodreads,6,Harry Potter and the Half-Blood Prince,4.58,3776110,https://www.goodreads.com/series/45175-harry-potter,1,,True
Harry Potter,Principal,Goodreads,7,Harry Potter and the Deathly Hallows,4.62,4234122,https://www.goodreads.com/series/45175-harry-potter,1,,True
Kingkiller Chronicle,Principal,Goodreads,1,The Name of the Wind,4.52,1120063,https://www.goodreads.com/series/45262-the-kingkiller-chronicle,1,,True
Kingkiller Chronicle,Principal,Goodreads,2,The Wise Man's Fear,4.55,640374,https://www.goodreads.com/series/45262-the-kingkiller-chronicle,1,,True
The Witcher,Principal,Goodreads,0.1,The Last Wish,4.14,436557,https://www.goodreads.com/series/306126-the-witcher,1,,True
The Witcher,Principal,Goodreads,0.2,Sword of Destiny,4.27,234305,https://www.goodreads.com/series/306126-the-witcher,1,,True
The Witcher,Principal,Goodreads,1,Blood of Elves,4.1,259417,https://www.goodreads.com/series/306126-the-witcher,1,,True
The Witcher,Principal,Goodreads,2,The Time of Contempt,4.16,182730,https://www.goodreads.com/series/306126-the-witcher,1,,True
The Witcher,Principal,Goodreads,3,Baptism of Fire,4.26,153351,https://www.goodreads.com/series/306126-the-witcher,1,,True
The Witcher,Principal,Goodreads,4,The Tower of the Swallow,4.22,129871,https://www.goodreads.com/series/306126-the-witcher,1,,True
The Witcher,Principal,Goodreads,5,The Lady of the Lake,4.08,106091,https://www.goodreads.com/series/306126-the-witcher,1,,True
Stormlight Archive,Principal,SensCritique,1,La Voie des rois,8.098015122873347,1058,https://www.senscritique.com/groupe/les_archives_de_roshar/46557,2,"2 volumes VF : 7,9/639 ; 8,4/419",True
Stormlight Archive,Principal,SensCritique,2,Le Livre des Radieux,8.445670628183361,589,https://www.senscritique.com/groupe/les_archives_de_roshar/46557,2,"2 volumes VF : 8,3/303 ; 8,6/286",True
Stormlight Archive,Principal,SensCritique,3,Justicière,7.830959752321982,323,https://www.senscritique.com/groupe/les_archives_de_roshar/46557,2,"2 volumes VF : 7,7/182 ; 8,0/141",True
Stormlight Archive,Principal,SensCritique,4,Rythme de guerre,8.0275,200,https://www.senscritique.com/groupe/les_archives_de_roshar/46557,2,"2 volumes VF : 7,9/115 ; 8,2/85",True
Stormlight Archive,Principal,SensCritique,5,Vent et vérité,8.086206896551724,58,https://www.senscritique.com/groupe/les_archives_de_roshar/46557,2,"2 volumes VF : 7,9/31 ; 8,3/27",True
A Song of Ice and Fire,Principal,SensCritique,1,Le Trône de fer — Intégrale 1,8.1,8619,https://www.senscritique.com/groupe/Le_Trone_de_fer/2845,1,,True
A Song of Ice and Fire,Principal,SensCritique,2,Le Trône de fer — Intégrale 2,8.3,3907,https://www.senscritique.com/groupe/Le_Trone_de_fer/2845,1,,True
A Song of Ice and Fire,Principal,SensCritique,3,Le Trône de fer — Intégrale 3,8.5,3965,https://www.senscritique.com/groupe/Le_Trone_de_fer/2845,1,,True
A Song of Ice and Fire,Principal,SensCritique,4,Le Trône de fer — Intégrale 4,7.7,3071,https://www.senscritique.com/groupe/Le_Trone_de_fer/2845,1,,True
A Song of Ice and Fire,Principal,SensCritique,5,Le Trône de fer — Intégrale 5,8.0,2073,https://www.senscritique.com/groupe/Le_Trone_de_fer/2845,1,,True
Harry Potter,Principal,SensCritique,1,Harry Potter à l'école des sorciers,7.6,120443,https://www.senscritique.com/groupe/harry_potter/600,1,,True
Harry Potter,Principal,SensCritique,2,Harry Potter et la chambre des secrets,7.4,56842,https://www.senscritique.com/groupe/harry_potter/600,1,,True
Harry Potter,Principal,SensCritique,3,Harry Potter et le Prisonnier d'Azkaban,7.8,59880,https://www.senscritique.com/groupe/harry_potter/600,1,,True
Harry Potter,Principal,SensCritique,4,Harry Potter et la coupe de feu,7.8,56575,https://www.senscritique.com/groupe/harry_potter/600,1,,True
Harry Potter,Principal,SensCritique,5,Harry Potter et l'ordre du phénix,7.6,43582,https://www.senscritique.com/groupe/harry_potter/600,1,,True
Harry Potter,Principal,SensCritique,6,Harry Potter et le Prince de Sang-Mêlé,7.7,41835,https://www.senscritique.com/groupe/harry_potter/600,1,,True
Harry Potter,Principal,SensCritique,7,Harry Potter et les Reliques de la Mort,7.8,35184,https://www.senscritique.com/groupe/harry_potter/600,1,,True
Kingkiller Chronicle,Principal,SensCritique,1,Le Nom du vent,8.1,2303,https://www.senscritique.com/groupe/Chronique_du_tueur_de_roi/3120,1,,True
Kingkiller Chronicle,Principal,SensCritique,2,La Peur du sage,8.2,1755,https://www.senscritique.com/groupe/Chronique_du_tueur_de_roi/3120,2,"2 volumes VF, tous deux à 8,2 (447 + 1 308 notes)",True
The Witcher,Principal,SensCritique,0.1,Le Dernier Vœu,7.3,3047,https://www.senscritique.com/groupe/Sorceleur/3026,1,,True
The Witcher,Principal,SensCritique,0.2,L'Épée de la providence,7.5,1970,https://www.senscritique.com/groupe/Sorceleur/3026,1,,True
The Witcher,Principal,SensCritique,1,Le Sang des elfes,7.4,1786,https://www.senscritique.com/groupe/Sorceleur/3026,1,,True
The Witcher,Principal,SensCritique,2,Le Temps du mépris,7.6,1414,https://www.senscritique.com/groupe/Sorceleur/3026,1,,True
The Witcher,Principal,SensCritique,3,Le Baptême du feu,7.5,1204,https://www.senscritique.com/groupe/Sorceleur/3026,1,,True
The Witcher,Principal,SensCritique,4,La Tour de l'hirondelle,7.5,1053,https://www.senscritique.com/groupe/Sorceleur/3026,1,,True
The Witcher,Principal,SensCritique,5,La Dame du lac,7.4,980,https://www.senscritique.com/groupe/Sorceleur/3026,1,,True
Stormlight Archive,Annexes,Goodreads,2.5,Edgedancer,4.11,185161,https://www.goodreads.com/series/49075-the-stormlight-archive,1,,True
Stormlight Archive,Annexes,Goodreads,3.5,Dawnshard,4.32,150353,https://www.goodreads.com/series/49075-the-stormlight-archive,1,,True
Stormlight Archive,Annexes,SensCritique,2.5,Edgedancer,7.0,21,https://www.senscritique.com/groupe/les_archives_de_roshar/46557,1,,True
Stormlight Archive,Annexes,SensCritique,3.5,Éclat de l'aube (Dawnshard),6.5,24,https://www.senscritique.com/groupe/les_archives_de_roshar/46557,1,,True
Stormlight Archive,Hors agrégat,Goodreads,alt.,The Way of Kings Prime,3.94,1423,https://www.goodreads.com/series/49075-the-stormlight-archive,1,Brouillon alternatif non canonique,False
Stormlight Archive,Hors agrégat,Goodreads,à paraître,Horneater,4.19,180,https://www.goodreads.com/series/49075-the-stormlight-archive,1,Non publié : note de prépublication,False
A Song of Ice and Fire,Annexes,Goodreads,préquelle,A Knight of the Seven Kingdoms,4.28,153535,https://www.goodreads.com/book/show/18635622-a-knight-of-the-seven-kingdoms,1,,True
A Song of Ice and Fire,Annexes,Goodreads,histoire,Fire & Blood,4.06,155299,https://www.goodreads.com/book/show/62715477-fire-and-blood,1,,True
A Song of Ice and Fire,Annexes,Goodreads,compagnon,The World of Ice & Fire,4.25,43387,https://www.goodreads.com/series/43790-a-song-of-ice-and-fire,1,,True
A Song of Ice and Fire,Annexes,SensCritique,préquelle,Chroniques du chevalier errant,7.6,310,https://www.senscritique.com/groupe/Le_Trone_de_fer/2845,1,,True
A Song of Ice and Fire,Annexes,SensCritique,histoire,Feu et Sang,7.366485013623978,734,https://www.senscritique.com/groupe/Le_Trone_de_fer/2845,2,"2 volumes VF : 7,4/488 ; 7,3/246",True
A Song of Ice and Fire,Annexes,SensCritique,compagnon,Game of Thrones : Les Origines de la saga,8.2,246,https://www.senscritique.com/groupe/Le_Trone_de_fer/2845,1,,True
A Song of Ice and Fire,Hors agrégat,Goodreads,à paraître,The Winds of Winter,,,https://www.goodreads.com/series/43790-a-song-of-ice-and-fire,1,Non publié : fiche et éventuelles notes exclues,False
A Song of Ice and Fire,Hors agrégat,Goodreads,à paraître,A Dream of Spring,,,https://www.goodreads.com/series/43790-a-song-of-ice-and-fire,1,Non publié : fiche et éventuelles notes exclues,False
Harry Potter,Annexes,Goodreads,0.5,Harry Potter: The Prequel,4.07,28440,https://www.goodreads.com/book/show/8933944-harry-potter,1,,True
Harry Potter,Annexes,Goodreads,bibliothèque,Fantastic Beasts & Where to Find Them,3.95,420151,https://www.goodreads.com/book/show/33609641,1,,True
Harry Potter,Annexes,Goodreads,bibliothèque,Quidditch Through the Ages,3.79,191153,https://www.goodreads.com/book/show/111450.Quidditch_Through_the_Ages,1,,True
Harry Potter,Annexes,Goodreads,bibliothèque,The Tales of Beedle the Bard,4.03,517396,https://www.goodreads.com/book/show/36392091-the-tales-of-beedle-the-bard,1,,True
Harry Potter,Annexes,Goodreads,Pottermore 1,"Heroism, Hardship and Dangerous Hobbies",4.21,49230,https://www.goodreads.com/book/show/31538635-short-stories-from-hogwarts-of-heroism-hardship-and-dangerous-hobbies,1,,True
Harry Potter,Annexes,Goodreads,Pottermore 2,"Power, Politics and Pesky Poltergeists",4.17,34453,https://www.goodreads.com/book/show/31538614-short-stories-from-hogwarts-of-power-politics-and-pesky-poltergeists,1,,True
Harry Potter,Annexes,Goodreads,Pottermore 3,Hogwarts: An Incomplete and Unreliable Guide,4.18,33674,https://www.goodreads.com/book/show/31538647-hogwarts,1,,True
Harry Potter,Annexes,Goodreads,suite-théâtre,Harry Potter and the Cursed Child,3.47,1172807,https://www.goodreads.com/series/45175-harry-potter,1,,True
Harry Potter,Annexes,SensCritique,0.5,Harry Potter : The Prequel,6.9,132,https://www.senscritique.com/groupe/harry_potter/600,1,,True
Harry Potter,Annexes,SensCritique,bibliothèque,Les Animaux fantastiques,6.7,1780,https://www.senscritique.com/groupe/harry_potter/600,1,,True
Harry Potter,Annexes,SensCritique,bibliothèque,Le Quidditch à travers les âges,6.6,1424,https://www.senscritique.com/groupe/harry_potter/600,1,,True
Harry Potter,Annexes,SensCritique,bibliothèque,Les Contes de Beedle le Barde,6.9,3633,https://www.senscritique.com/groupe/harry_potter/600,1,,True
Harry Potter,Annexes,SensCritique,Pottermore 1,Nouvelles de Poudlard : Héroïsme...,6.9,169,https://www.senscritique.com/groupe/harry_potter/600,1,,True
Harry Potter,Annexes,SensCritique,Pottermore 2,"Nouvelles de Poudlard : Pouvoir, Politique...",6.6,200,https://www.senscritique.com/groupe/harry_potter/600,1,,True
Harry Potter,Annexes,SensCritique,Pottermore 3,Poudlard : le guide incomplet...,6.6,223,https://www.senscritique.com/groupe/harry_potter/600,1,,True
Harry Potter,Annexes,SensCritique,suite-théâtre,Harry Potter et l'Enfant Maudit,5.7,7566,https://www.senscritique.com/groupe/harry_potter/600,1,,True
Harry Potter,Hors agrégat,Goodreads,extrait illustré,Christmas at Hogwarts,4.49,5836,https://www.goodreads.com/series/45175-harry-potter,1,"Extrait des romans, donc doublon textuel",False
Kingkiller Chronicle,Annexes,Goodreads,2.5,The Slow Regard of Silent Things,3.86,164141,https://www.goodreads.com/series/45262-the-kingkiller-chronicle,1,,True
Kingkiller Chronicle,Annexes,Goodreads,0.6,The Narrow Road Between Desires,4.02,37863,https://www.goodreads.com/series/45262-the-kingkiller-chronicle,1,,True
Kingkiller Chronicle,Annexes,Goodreads,conte,How Old Holly Came to Be,3.17,1329,https://www.goodreads.com/series/45262-the-kingkiller-chronicle,1,,True
Kingkiller Chronicle,Annexes,SensCritique,2.5,La Musique du Silence,6.7,137,https://www.senscritique.com/livre/la_musique_du_silence/11905035,1,,True
Kingkiller Chronicle,Couverture manquante,SensCritique,0.6,The Narrow Road Between Desires,,,https://www.senscritique.com/groupe/Chronique_du_tueur_de_roi/3120,1,Aucune fiche fiable retrouvée,False
Kingkiller Chronicle,Couverture manquante,SensCritique,conte,How Old Holly Came to Be,,,https://www.senscritique.com/groupe/Chronique_du_tueur_de_roi/3120,1,Aucune fiche fiable retrouvée,False
Kingkiller Chronicle,Hors agrégat,Goodreads,précurseur,The Lightning Tree,3.94,5622,https://www.goodreads.com/series/45262-the-kingkiller-chronicle,1,Version courte développée dans The Narrow Road Between Desires,False
Kingkiller Chronicle,Hors agrégat,Goodreads,à paraître,The Doors of Stone,3.53,5725,https://www.goodreads.com/series/45262-the-kingkiller-chronicle,1,Non publié,False
Kingkiller Chronicle,Hors agrégat,Goodreads,fragment,The Tale of Laniel Young-Again,2.77,31,https://www.goodreads.com/series/45262-the-kingkiller-chronicle,1,Fragment de projet non publié,False
The Witcher,Annexes,Goodreads,standalone,Season of Storms,3.98,76978,https://www.goodreads.com/series/306126-the-witcher,1,,True
The Witcher,Annexes,Goodreads,préquelle,Crossroads of Ravens,4.03,20807,https://www.goodreads.com/series/306126-the-witcher,1,,True
The Witcher,Annexes,SensCritique,standalone,La Saison des orages,6.9,494,https://www.senscritique.com/groupe/Sorceleur/3026,1,,True
The Witcher,Annexes,SensCritique,préquelle,La Croisée des corbeaux,7.0,67,https://www.senscritique.com/groupe/Sorceleur/3026,1,,True
Légende arthurienne — textes fondateurs,Fondateurs,Goodreads,v. 1136,Historia Regum Britanniae — History of the Kings of Britain,3.71,6978,https://www.goodreads.com/book/show/129521.The_History_of_the_Kings_of_Britain,1,,True
Légende arthurienne — textes fondateurs,Fondateurs,Goodreads,v. 1170,Erec et Enide,3.59,1652,https://www.goodreads.com/book/show/544867.Erec_and_Enide,1,,True
Légende arthurienne — textes fondateurs,Fondateurs,Goodreads,v. 1176,Cligès,3.62,505,https://www.goodreads.com/book/show/2575136,1,,True
Légende arthurienne — textes fondateurs,Fondateurs,Goodreads,v. 1176,Yvain ou le Chevalier au lion,3.54,4477,https://www.goodreads.com/book/show/366629,1,,True
Légende arthurienne — textes fondateurs,Fondateurs,Goodreads,v. 1181,Lancelot ou le Chevalier de la Charrette,3.56,3970,https://www.goodreads.com/book/show/129898.Lancelot_The_Knight_of_the_Cart,1,,True
Légende arthurienne — textes fondateurs,Fondateurs,Goodreads,v. 1180–1190,Perceval ou le Conte du Graal,3.58,3713,https://www.goodreads.com/book/show/1770392.Perceval,1,,True
Légende arthurienne — textes fondateurs,Fondateurs,Goodreads,v. 1200–1210,Parzival,3.73,4037,https://www.goodreads.com/book/show/560089.Parzival,1,,True
Légende arthurienne — textes fondateurs,Fondateurs,Goodreads,XIIIe s.,Les quatre branches du Mabinogi et autres contes gallois,3.92,8902,https://www.goodreads.com/book/show/455219.The_Mabinogion,1,,True
Légende arthurienne — textes fondateurs,Fondateurs,Goodreads,v. 1230,La Quête du Saint-Graal,3.91,2345,https://www.goodreads.com/book/show/229724.The_Quest_of_the_Holy_Grail,1,,True
Légende arthurienne — textes fondateurs,Fondateurs,Goodreads,v. 1250,La Mort du roi Arthur (Mort Artu),4.01,1726,https://www.goodreads.com/book/show/6044635,1,,True
Légende arthurienne — textes fondateurs,Fondateurs,Goodreads,fin XIVe s.,Sire Gauvain et le Chevalier vert,3.76,81476,https://www.goodreads.com/book/show/3049.Sir_Gawain_and_the_Green_Knight,1,,True
Légende arthurienne — textes fondateurs,Fondateurs,Goodreads,1485,Le Morte d'Arthur,3.91,40103,https://www.goodreads.com/book/show/672875.Le_Morte_d_Arthur,1,,True
Légende arthurienne — textes fondateurs,Fondateurs,SensCritique,v. 1136,Histoire des rois de Bretagne,7.4,21,https://www.senscritique.com/livre/histoire_des_rois_de_bretagne/114941,1,,True
Légende arthurienne — textes fondateurs,Fondateurs,SensCritique,v. 1170,Erec et Enide,7.1,388,https://www.senscritique.com/livre/erec_et_enide/152126,1,,True
Légende arthurienne — textes fondateurs,Fondateurs,SensCritique,v. 1176,Cligès,7.1,117,https://www.senscritique.com/livre/Cliges/121006,1,,True
Légende arthurienne — textes fondateurs,Fondateurs,SensCritique,v. 1176,Le Chevalier au lion,7.0,1932,https://www.senscritique.com/livre/le_chevalier_au_lion/120877,1,,True
Légende arthurienne — textes fondateurs,Fondateurs,SensCritique,v. 1181,Lancelot ou le Chevalier de la Charrette,7.2,1500,https://www.senscritique.com/livre/lancelot_ou_le_chevalier_de_la_charrette/118663,1,,True
Légende arthurienne — textes fondateurs,Fondateurs,SensCritique,v. 1180–1190,Perceval ou le Conte du Graal,7.3,2196,https://www.senscritique.com/livre/perceval_ou_le_conte_du_graal/11855564,1,,True
Légende arthurienne — textes fondateurs,Fondateurs,SensCritique,v. 1200–1210,Parzival,8.0,11,https://www.senscritique.com/livre/parzival/470906,1,,True
Légende arthurienne — textes fondateurs,Fondateurs,SensCritique,XIIIe s.,Les quatre branches du Mabinogi et autres contes gallois,7.9,14,https://www.senscritique.com/livre/les_quatre_branches_du_mabinogi_et_autres_contes_gallois/107405,1,,True
Légende arthurienne — textes fondateurs,Fondateurs,SensCritique,v. 1230,La Quête du Saint-Graal,7.6,32,https://www.senscritique.com/livre/la_quete_du_saint_graal/425611,1,,True
Légende arthurienne — textes fondateurs,Fondateurs,SensCritique,v. 1250,La Mort du roi Arthur,7.8,125,https://www.senscritique.com/livre/La_mort_du_roi_Arthur/265306,1,,True
Légende arthurienne — textes fondateurs,Fondateurs,SensCritique,fin XIVe s.,Sire Gauvain et le Chevalier vert,8.2,40,https://www.senscritique.com/livre/sire_gauvain_et_le_chevalier_vert/394266,1,,True
Légende arthurienne — textes fondateurs,Fondateurs,SensCritique,1485,Le Roman du Roi Arthur... (Le Morte d'Arthur),8.0,34,https://www.senscritique.com/livre/le_roman_du_roi_arthur_et_de_ses_chevaliers_de_la_table_ronde/19355884,1,,True
Légende arthurienne — réécritures modernes,Réécritures,Goodreads,1938–58,The Once and Future King — T. H. White,4.06,120955,https://www.goodreads.com/book/show/43545.The_Once_and_Future_King,1,,True
Légende arthurienne — réécritures modernes,Réécritures,Goodreads,1976,The Acts of King Arthur and His Noble Knights — John Steinbeck,3.82,7126,https://www.goodreads.com/book/show/93282.The_Acts_of_King_Arthur_and_His_Noble_Knights,1,,True
Légende arthurienne — réécritures modernes,Réécritures,Goodreads,1983,The Mists of Avalon — Marion Zimmer Bradley,4.13,212013,https://www.goodreads.com/book/show/7767842-the-mists-of-avalon,1,,True
Légende arthurienne — réécritures modernes,Réécritures,Goodreads,Warlord 1,The Winter King — Bernard Cornwell,4.25,57986,https://www.goodreads.com/book/show/61155732-the-winter-king,1,,True
Légende arthurienne — réécritures modernes,Réécritures,Goodreads,Warlord 2,Enemy of God — Bernard Cornwell,4.42,29794,https://www.goodreads.com/book/show/68524.Enemy_of_God,1,,True
Légende arthurienne — réécritures modernes,Réécritures,Goodreads,Warlord 3,Excalibur — Bernard Cornwell,4.44,32594,https://www.goodreads.com/book/show/68521.Excalibur,1,,True
Légende arthurienne — réécritures modernes,Réécritures,Goodreads,Pendragon 1,Taliesin — Stephen R. Lawhead,4.02,19232,https://www.goodreads.com/series/41482-the-pendragon-cycle,1,,True
Légende arthurienne — réécritures modernes,Réécritures,Goodreads,Pendragon 2,Merlin — Stephen R. Lawhead,4.11,11509,https://www.goodreads.com/series/41482-the-pendragon-cycle,1,,True
Légende arthurienne — réécritures modernes,Réécritures,Goodreads,Pendragon 3,Arthur — Stephen R. Lawhead,4.02,10325,https://www.goodreads.com/series/41482-the-pendragon-cycle,1,,True
Légende arthurienne — réécritures modernes,Réécritures,Goodreads,Pendragon 4,Pendragon — Stephen R. Lawhead,3.97,6794,https://www.goodreads.com/series/41482-the-pendragon-cycle,1,,True
Légende arthurienne — réécritures modernes,Réécritures,Goodreads,Pendragon 5,Grail — Stephen R. Lawhead,3.95,4899,https://www.goodreads.com/series/41482-the-pendragon-cycle,1,,True
Légende arthurienne — réécritures modernes,Réécritures,Goodreads,Merlin 1,The Crystal Cave — Mary Stewart,4.13,49120,https://www.goodreads.com/series/43904-arthurian-saga,1,,True
Légende arthurienne — réécritures modernes,Réécritures,Goodreads,Merlin 2,The Hollow Hills — Mary Stewart,4.25,23295,https://www.goodreads.com/series/43904-arthurian-saga,1,,True
Légende arthurienne — réécritures modernes,Réécritures,Goodreads,Merlin 3,The Last Enchantment — Mary Stewart,4.18,16914,https://www.goodreads.com/series/43904-arthurian-saga,1,,True
Légende arthurienne — réécritures modernes,Réécritures,Goodreads,Merlin 4,The Wicked Day — Mary Stewart,4.1,12104,https://www.goodreads.com/series/43904-arthurian-saga,1,,True
Légende arthurienne — réécritures modernes,Couverture manquante,SensCritique,1938–58,The Once and Future King — T. H. White,,,https://www.senscritique.com/livre/The_Once_and_Future_King/35330326,1,Fiche sans moyenne exploitable,False
Légende arthurienne — réécritures modernes,Réécritures,SensCritique,1976,Le Roi Arthur — John Steinbeck,7.0,22,https://www.senscritique.com/livre/le_Roi_Arthur/13494089,1,,True
Légende arthurienne — réécritures modernes,Réécritures,SensCritique,1983,Les Dames du lac / Les Brumes d'Avalon,7.363713798977853,1174,https://www.senscritique.com/groupe/Legendes_arthuriennes/47356,2,"Édition française scindée : 7,3/800 ; 7,5/374",True
Légende arthurienne — réécritures modernes,Réécritures,SensCritique,Warlord 1,Le Roi de l'hiver — Bernard Cornwell,8.3,85,https://www.senscritique.com/groupe/Legendes_arthuriennes/47356,1,,True
Légende arthurienne — réécritures modernes,Réécritures,SensCritique,Warlord 2,L'Ennemi de Dieu — Bernard Cornwell,8.7,59,https://www.senscritique.com/groupe/Legendes_arthuriennes/47356,1,,True
Légende arthurienne — réécritures modernes,Réécritures,SensCritique,Warlord 3,Excalibur — Bernard Cornwell,8.8,52,https://www.senscritique.com/groupe/Legendes_arthuriennes/47356,1,,True
Légende arthurienne — réécritures modernes,Réécritures,SensCritique,Pendragon 1,Taliesin — Stephen R. Lawhead,7.5,162,https://www.senscritique.com/groupe/Legendes_arthuriennes/47356,1,,True
Légende arthurienne — réécritures modernes,Réécritures,SensCritique,Pendragon 2,Merlin — Stephen R. Lawhead,7.5,76,https://www.senscritique.com/groupe/Legendes_arthuriennes/47356,1,,True
Légende arthurienne — réécritures modernes,Réécritures,SensCritique,Pendragon 3,Arthur — Stephen R. Lawhead,7.2,62,https://www.senscritique.com/groupe/Legendes_arthuriennes/47356,1,,True
Légende arthurienne — réécritures modernes,Réécritures,SensCritique,Pendragon 4,Pendragon — Stephen R. Lawhead,7.5,43,https://www.senscritique.com/groupe/Legendes_arthuriennes/47356,1,,True
Légende arthurienne — réécritures modernes,Réécritures,SensCritique,Pendragon 5,Le Graal — Stephen R. Lawhead,7.5,41,https://www.senscritique.com/groupe/Legendes_arthuriennes/47356,1,,True
Légende arthurienne — réécritures modernes,Réécritures,SensCritique,Merlin 1,La Grotte de cristal — Mary Stewart,5.0,8,https://www.senscritique.com/livre/La_Grotte_de_cristal_Le_Cycle_de_Merlin_tome_1/461612,1,,True
Légende arthurienne — réécritures modernes,Couverture manquante,SensCritique,Merlin 2,Les Collines creuses — Mary Stewart,,,https://www.senscritique.com/groupe/Legendes_arthuriennes/47356,1,Aucune fiche exploitable retrouvée,False
Légende arthurienne — réécritures modernes,Couverture manquante,SensCritique,Merlin 3,Le Dernier Enchantement — Mary Stewart,,,https://www.senscritique.com/groupe/Legendes_arthuriennes/47356,1,Aucune fiche exploitable retrouvée,False
Légende arthurienne — réécritures modernes,Couverture manquante,SensCritique,Merlin 4,Le Jour fatal — Mary Stewart,,,https://www.senscritique.com/groupe/Legendes_arthuriennes/47356,1,Aucune fiche exploitable retrouvée,False
The Lord of the Rings,Principal,Goodreads,1,The Fellowship of the Ring,4.41,3239419,https://www.goodreads.com/book/show/34.The_Fellowship_of_the_Ring,1,,True
The Lord of the Rings,Principal,SensCritique,1,La Communauté de l’Anneau,8.3,7357,https://www.senscritique.com/livre/La_Communaute_de_l_Anneau_Le_Seigneur_des_anneaux_1/8957375,1,,True
The Lord of the Rings,Principal,Goodreads,2,The Two Towers,4.51,1181579,https://www.goodreads.com/book/show/15241.The_Two_Towers,1,,True
The Lord of the Rings,Principal,SensCritique,2,Les Deux Tours,8.3,6563,https://www.senscritique.com/livre/Les_Deux_Tours_Le_Seigneur_des_anneaux_2/8315223,1,,True
The Lord of the Rings,Principal,Goodreads,3,The Return of the King,4.59,1090834,https://www.goodreads.com/book/show/18512.The_Return_of_the_King,1,,True
The Lord of the Rings,Principal,SensCritique,3,Le Retour du Roi,8.6,3463,https://www.senscritique.com/livre/le_retour_du_roi/8322141,1,,True
