platform,weighted_rank,works,fiches,simple,weighted,median,ratings_total,cycle,section
Goodreads,1,5,5,4.588,4.637967168990141,4.6,2083518,Stormlight Archive,Principal
Goodreads,2,2,2,4.535,4.5309127563213,4.535,1760437,Kingkiller Chronicle,Principal
Goodreads,3,7,7,4.535714285714286,4.522117744419042,4.57,37817113,Harry Potter,Principal
Goodreads,4,3,3,4.503333333333333,4.467060523615379,4.51,5511832,The Lord of the Rings,Principal
Goodreads,5,5,5,4.39,4.4120293583539905,4.42,6311798,A Song of Ice and Fire,Principal
Goodreads,6,7,7,4.175714285714285,4.1707283724794015,4.16,1502322,The Witcher,Principal
SensCritique,1,3,3,8.4,8.359765287924985,8.3,17383,The Lord of the Rings,Principal
SensCritique,2,5,10,8.097670479986082,8.144569120287255,8.086206896551724,2228,Stormlight Archive,Principal
SensCritique,3,2,3,8.149999999999999,8.143247905372103,8.149999999999999,4058,Kingkiller Chronicle,Principal
SensCritique,4,5,5,8.120000000000001,8.14306447885371,8.1,21635,A Song of Ice and Fire,Principal
SensCritique,5,7,7,7.671428571428572,7.655854718697884,7.7,414341,Harry Potter,Principal
SensCritique,6,7,7,7.457142857142857,7.434992142482975,7.5,11454,The Witcher,Principal
