palier_vise,observation_date,nombre_notes_observe,ecart_au_palier,note_goodreads,statut,source
1000,2010-12-06,1243,243,4.58,Point initial disponible,https://web.archive.org/web/20101206234125id_/http://www.goodreads.com/book/show/7235533-the-way-of-kings
3000,2011-07-09,3622,622,4.59,Capture la plus proche retenue,https://web.archive.org/web/20110709230215id_/http://www.goodreads.com/book/show/7235533-the-way-of-kings
10000,2012-04-22,12203,2203,4.57,Capture la plus proche retenue,https://web.archive.org/web/20120422115225id_/http://www.goodreads.com/book/show/7235533-the-way-of-kings
20000,2012-11-04,21201,1201,4.56,Capture la plus proche retenue,https://web.archive.org/web/20121104073640id_/http://www.goodreads.com/book/show/7235533-the-way-of-kings
50000,2014-02-08,51542,1542,4.58,Capture la plus proche retenue,https://web.archive.org/web/20140208200459id_/https://www.goodreads.com/book/show/7235533-the-way-of-kings
100000,2015-08-11,102569,2569,4.61,Capture la plus proche retenue,https://web.archive.org/web/20150811222050id_/http://www.goodreads.com/book/show/7235533-the-way-of-kings
250000,2019-12-11,251800,1800,4.65,Capture la plus proche retenue,https://web.archive.org/web/20191211171405id_/https://www.goodreads.com/book/show/7235533-the-way-of-kings
500000,2024-06-03,504904,4904,4.66,Capture la plus proche retenue,https://web.archive.org/web/20240603100919id_/https://www.goodreads.com/book/show/7235533-the-way-of-kings
727016,2026-09-20,727016,0,4.66,Relevé local actuel,https://www.goodreads.com/book/show/7235533-the-way-of-kings
