date,rating,ratings_count,histogram_count,histogram_gap,star_5_count,star_5_pct,star_4_count,star_4_pct,star_3_count,star_3_pct,star_2_count,star_2_pct,star_1_count,star_1_pct,positive_4_5_pct,low_1_2_pct,source
2014-10-12,4.76,32048,32048,0,25557,79.74600599101348,5500,17.16175736395407,810,2.5274588117823265,136,0.4243634548177733,45,0.14041437843235147,96.90776335496754,0.5647778332501248,https://web.archive.org/web/20141012131417id_/http://www.goodreads.com/book/show/17332218-words-of-radiance
2015-06-28,4.76,54403,54403,0,43183,79.37613734536698,9518,17.495358711835745,1399,2.5715493630865947,218,0.4007131959634579,85,0.15624138374721983,96.87149605720273,0.5569545797106777,https://web.archive.org/web/20150628200434id_/http://www.goodreads.com/book/show/17332218-words-of-radiance
2017-06-28,4.76,104409,104409,0,83574,80.04482372209293,17730,16.981294715972762,2567,2.4586003122336195,390,0.3735310174410252,148,0.1417502322596711,97.02611843806568,0.5152812497006963,https://web.archive.org/web/20170628063723id_/http://www.goodreads.com/book/show/17332218-words-of-radiance
2019-01-17,4.77,148643,148643,0,119142,80.15311854577746,25161,16.927134140188237,3629,2.4414200466890468,518,0.34848596973957735,193,0.12984129760567265,97.0802526859657,0.47832726734525005,https://web.archive.org/web/20190117182509id_/https://www.goodreads.com/book/show/17332218-words-of-radiance
2021-01-19,4.74,219284,219284,0,173743,79.23195490779081,37329,17.02312982251327,6085,2.774940260119297,1277,0.5823498294449208,850,0.38762518013170133,96.25508473030408,0.9699750095766221,https://web.archive.org/web/20210119134645id_/https://www.goodreads.com/book/show/17332218-words-of-radiance
2021-12-03,4.73,251356,251356,0,198094,78.81013383408393,43341,17.242874647909737,7221,2.8728178360572256,1595,0.634558156558825,1105,0.4396155253902831,96.05300848199367,1.0741736819491081,https://web.archive.org/web/20211203190209id_/https://www.goodreads.com/book/show/17332218-words-of-radiance
2022-01-28,4.75,254133,254133,0,201805,79.40920699004064,43336,17.052488264019235,6916,2.7214096555740497,1321,0.5198065579834181,755,0.29708853238265004,96.46169525405988,0.8168950903660681,https://web.archive.org/web/20220128074902id_/https://www.goodreads.com/book/show/17332218-words-of-radiance
2023-04-07,4.76,296751,296751,0,236384,79.65735583030892,50604,17.052680530141433,7826,2.6372278442195647,1305,0.4397626292750488,632,0.21297316605504277,96.71003636045035,0.6527357953300915,https://web.archive.org/web/20230407160621id_/https://www.goodreads.com/book/show/17332218-words-of-radiance
2026-04-01,4.76,501724,501724,0,400815,79.88754773540832,85503,17.041839736588244,12550,2.501375258110037,1982,0.3950379092887723,874,0.17419936060463523,96.92938747199656,0.5692372698934075,https://web.archive.org/web/20260401033815id_/https://www.goodreads.com/book/show/17332218-words-of-radiance
2026-09-22,4.76,532549,532549,0,424629,79.73519807567003,91538,17.188653062910642,13387,2.513759297266543,2087,0.39188882149811566,908,0.17050074265466653,96.92385113858067,0.5623895641527822,https://www.goodreads.com/book/show/17332218-words-of-radiance
