serie,chapitre,numero_jump,rang_toc,nombre_entrees_numero,profondeur_normalisee,couleur,debut,fin,titre_chapitre,url_numero
Lock On!,1,2010 Issue 12,1,20,0.05,True,True,False,Start Lead Color 1枚目 現役高校生プロカメラマン真田,https://www.jajanken.net/en/issues/2010-03-08/
Lock On!,2,2010 Issue 13,5,20,0.25,True,False,False,Color 2枚目 シャッターアイ,https://www.jajanken.net/en/issues/2010-03-15/
Lock On!,3,2010 Issue 14,10,21,0.47619,False,False,False,3枚目 ダイヤモンドヘッド,https://www.jajanken.net/en/issues/2010-03-22/
Lock On!,4,2010 Issue 15,10,22,0.454545,False,False,False,4枚目 大和,https://www.jajanken.net/en/issues/2010-03-29/
Lock On!,5,2010 Issue 16,12,22,0.545455,False,False,False,5枚目 怒れる男の叫び,https://www.jajanken.net/en/issues/2010-04-05/
Lock On!,6,2010 Issue 17,12,22,0.545455,False,False,False,6枚目 ケガの功名?,https://www.jajanken.net/en/issues/2010-04-12/
Lock On!,7,2010 Issue 18,6,21,0.285714,True,False,False,Color 7枚目 学ランカメラマン,https://www.jajanken.net/en/issues/2010-04-19/
Lock On!,8,2010 Issue 19,13,21,0.619048,False,False,False,8枚目 急がば急げ!!,https://www.jajanken.net/en/issues/2010-04-26/
Lock On!,9,2010 Issue 20,15,21,0.714286,False,False,False,9枚目 今日はいい日だ,https://www.jajanken.net/en/issues/2010-05-03/
Lock On!,10,2010 Issue 21-22,12,22,0.545455,False,False,False,10枚目 2人の祭,https://www.jajanken.net/en/issues/2010-05-10/
Lock On!,11,2010 Issue 23,11,21,0.52381,False,False,False,11枚目 愛をとり戻せ!!,https://www.jajanken.net/en/issues/2010-05-24/
Lock On!,12,2010 Issue 24,13,22,0.590909,False,False,False,12枚目 盗撮ハイスクール,https://www.jajanken.net/en/issues/2010-05-31/
Lock On!,13,2010 Issue 25,17,22,0.772727,False,False,False,13枚目 新聞部文沢!!,https://www.jajanken.net/en/issues/2010-06-07/
Lock On!,14,2010 Issue 26,13,22,0.590909,False,False,False,14枚目 檻の外の獣,https://www.jajanken.net/en/issues/2010-06-14/
Lock On!,15,2010 Issue 27,17,21,0.809524,False,False,False,15枚目 友達って言われても,https://www.jajanken.net/en/issues/2010-06-21/
Lock On!,16,2010 Issue 28,21,22,0.954545,False,False,False,16枚目 今でも,https://www.jajanken.net/en/issues/2010-06-28/
Lock On!,17,2010 Issue 29,19,21,0.904762,False,False,False,17枚目 蹴飛ばせ!!,https://www.jajanken.net/en/issues/2010-07-05/
Lock On!,18,2010 Issue 30,20,21,0.952381,False,False,True,End 18枚目 私でも君を,https://www.jajanken.net/en/issues/2010-07-12/
"Kiben Gakuha, Yotsuya-Senpai no Kaidan",1,2010 Issue 13,1,20,0.05,True,True,False,Start Lead Color 第1夜 「三本肢のミカちゃん人形」 第1話 “四ツ谷先輩”,https://www.jajanken.net/en/issues/2010-03-15/
"Kiben Gakuha, Yotsuya-Senpai no Kaidan",2,2010 Issue 14,6,21,0.285714,True,False,False,Color 第2夜 旧校舎のかくれんぼ 第2話 もういいかい,https://www.jajanken.net/en/issues/2010-03-22/
"Kiben Gakuha, Yotsuya-Senpai no Kaidan",3,2010 Issue 15,7,22,0.318182,False,False,False,第3話 もういいよ,https://www.jajanken.net/en/issues/2010-03-29/
"Kiben Gakuha, Yotsuya-Senpai no Kaidan",4,2010 Issue 16,10,22,0.454545,False,False,False,第3夜 「呼子桜」 第4話 下,https://www.jajanken.net/en/issues/2010-04-05/
"Kiben Gakuha, Yotsuya-Senpai no Kaidan",5,2010 Issue 17,14,22,0.636364,False,False,False,第5話 上,https://www.jajanken.net/en/issues/2010-04-12/
"Kiben Gakuha, Yotsuya-Senpai no Kaidan",6,2010 Issue 18,11,21,0.52381,False,False,False,第4夜 「十増間さん」 第6話 十増間加奈子,https://www.jajanken.net/en/issues/2010-04-19/
"Kiben Gakuha, Yotsuya-Senpai no Kaidan",7,2010 Issue 19,16,21,0.761905,False,False,False,第7話 とましまかなこ,https://www.jajanken.net/en/issues/2010-04-26/
"Kiben Gakuha, Yotsuya-Senpai no Kaidan",8,2010 Issue 20,17,21,0.809524,False,False,False,第8話 少女達の遊戯,https://www.jajanken.net/en/issues/2010-05-03/
"Kiben Gakuha, Yotsuya-Senpai no Kaidan",9,2010 Issue 21-22,14,22,0.636364,False,False,False,第9話 遭遇,https://www.jajanken.net/en/issues/2010-05-10/
"Kiben Gakuha, Yotsuya-Senpai no Kaidan",10,2010 Issue 23,17,21,0.809524,False,False,False,第10話 肯定,https://www.jajanken.net/en/issues/2010-05-24/
"Kiben Gakuha, Yotsuya-Senpai no Kaidan",11,2010 Issue 24,19,22,0.863636,False,False,False,第11話 否定,https://www.jajanken.net/en/issues/2010-05-31/
"Kiben Gakuha, Yotsuya-Senpai no Kaidan",12,2010 Issue 25,21,22,0.954545,False,False,False,第7夜 「狐狗狸さん」 第12話 新しい種,https://www.jajanken.net/en/issues/2010-06-07/
"Kiben Gakuha, Yotsuya-Senpai no Kaidan",13,2010 Issue 26,21,22,0.954545,False,False,False,第13話 3つの疑惑,https://www.jajanken.net/en/issues/2010-06-14/
"Kiben Gakuha, Yotsuya-Senpai no Kaidan",14,2010 Issue 27,20,21,0.952381,False,False,False,第14話 「馬鹿の行動」,https://www.jajanken.net/en/issues/2010-06-21/
"Kiben Gakuha, Yotsuya-Senpai no Kaidan",15,2010 Issue 28,20,22,0.909091,False,False,False,第15話 最後の言葉,https://www.jajanken.net/en/issues/2010-06-28/
"Kiben Gakuha, Yotsuya-Senpai no Kaidan",16,2010 Issue 29,20,21,0.952381,False,False,False,第8夜 花子さん 第16話 長谷川花子を殺した理由,https://www.jajanken.net/en/issues/2010-07-05/
"Kiben Gakuha, Yotsuya-Senpai no Kaidan",17,2010 Issue 30,19,21,0.904762,False,False,False,第17話 バースデーケーキゴヨヤク1点Mサイズ,https://www.jajanken.net/en/issues/2010-07-12/
"Kiben Gakuha, Yotsuya-Senpai no Kaidan",18,2010 Issue 31,19,20,0.95,False,False,True,End 第9夜 “四ツ谷先輩” 最終話 七不思議 プラス1,https://www.jajanken.net/en/issues/2010-07-19/
Kagami no Kuni no Harisugawa,1,2011 Issue 31,1,20,0.05,True,True,False,Start Lead Color #1 謎の鏡,https://www.jajanken.net/en/issues/2011-07-25/
Kagami no Kuni no Harisugawa,2,2011 Issue 32,6,20,0.3,True,False,False,Color #2 新しい生活,https://www.jajanken.net/en/issues/2011-08-01/
Kagami no Kuni no Harisugawa,3,2011 Issue 33,11,20,0.55,False,False,False,#3 鏡越しの学校,https://www.jajanken.net/en/issues/2011-08-08/
Kagami no Kuni no Harisugawa,4,2011 Issue 34,5,20,0.25,False,False,False,#4 犯人はどこに?,https://www.jajanken.net/en/issues/2011-08-15/
Kagami no Kuni no Harisugawa,5,2011 Issue 35-36,8,21,0.380952,False,False,False,#5 ラブミラーその1,https://www.jajanken.net/en/issues/2011-08-22/
Kagami no Kuni no Harisugawa,6,2011 Issue 37,8,21,0.380952,False,False,False,#6 ラブミラーその2,https://www.jajanken.net/en/issues/2011-09-05/
Kagami no Kuni no Harisugawa,7,2011 Issue 38,7,21,0.333333,False,False,False,#7 針栖川を追え,https://www.jajanken.net/en/issues/2011-09-12/
Kagami no Kuni no Harisugawa,8,2011 Issue 39,4,19,0.210526,True,False,False,Color #8 心は揺れる,https://www.jajanken.net/en/issues/2011-09-19/
Kagami no Kuni no Harisugawa,9,2011 Issue 40,8,20,0.4,False,False,False,#9 針栖川の失敗,https://www.jajanken.net/en/issues/2011-09-26/
Kagami no Kuni no Harisugawa,10,2011 Issue 41,5,20,0.25,False,False,False,#10 キレ男須田,https://www.jajanken.net/en/issues/2011-10-03/
Kagami no Kuni no Harisugawa,11,2011 Issue 42,5,21,0.238095,False,False,False,#11 それが恋,https://www.jajanken.net/en/issues/2011-10-10/
Kagami no Kuni no Harisugawa,12,2011 Issue 43,5,20,0.25,False,False,False,#12 大浴場危機一髪,https://www.jajanken.net/en/issues/2011-10-17/
Kagami no Kuni no Harisugawa,13,2011 Issue 44,10,20,0.5,True,False,False,Color #13 サイテー男?針栖川,https://www.jajanken.net/en/issues/2011-10-24/
Kagami no Kuni no Harisugawa,14,2011 Issue 45,11,21,0.52381,False,False,False,#14 誤解?そーなんです,https://www.jajanken.net/en/issues/2011-10-31/
Kagami no Kuni no Harisugawa,15,2011 Issue 46,16,21,0.761905,False,False,False,#15 突然の再会,https://www.jajanken.net/en/issues/2011-11-07/
Kagami no Kuni no Harisugawa,16,2011 Issue 47,18,20,0.9,False,False,False,#16 私が好きなのは,https://www.jajanken.net/en/issues/2011-11-14/
Kagami no Kuni no Harisugawa,17,2011 Issue 48,11,19,0.578947,False,False,False,#17 三角形の始まり,https://www.jajanken.net/en/issues/2011-11-21/
Kagami no Kuni no Harisugawa,18,2011 Issue 49,14,20,0.7,False,False,False,#18 新しい味方,https://www.jajanken.net/en/issues/2011-11-28/
Kagami no Kuni no Harisugawa,19,2011 Issue 50,20,21,0.952381,False,False,False,#19 鏡と協力者,https://www.jajanken.net/en/issues/2011-12-05/
Kagami no Kuni no Harisugawa,20,2011 Issue 51,21,21,1.0,False,False,False,#20 自覚症状,https://www.jajanken.net/en/issues/2011-12-12/
Kagami no Kuni no Harisugawa,21,2012 Issue 1,9,21,0.428571,True,False,False,Color #21 両思い成立?,https://www.jajanken.net/en/issues/2012-01-01/
Kagami no Kuni no Harisugawa,22,2012 Issue 2,11,21,0.52381,False,False,False,#22 消失,https://www.jajanken.net/en/issues/2012-01-08/
Kagami no Kuni no Harisugawa,23,2012 Issue 3-4,18,22,0.818182,False,False,False,#23 傷心,https://www.jajanken.net/en/issues/2012-01-15/
Kagami no Kuni no Harisugawa,24,2012 Issue 5-6,21,23,0.913043,False,False,False,#24 証拠写真,https://www.jajanken.net/en/issues/2012-01-22/
Kagami no Kuni no Harisugawa,25,2012 Issue 7,15,21,0.714286,False,False,False,#25 2人の儀式,https://www.jajanken.net/en/issues/2012-01-30/
Kagami no Kuni no Harisugawa,26,2012 Issue 8,15,21,0.714286,False,False,False,#26 告白,https://www.jajanken.net/en/issues/2012-02-06/
Kagami no Kuni no Harisugawa,27,2012 Issue 9,20,21,0.952381,False,False,False,#27 一瞬の両想い,https://www.jajanken.net/en/issues/2012-02-13/
Kagami no Kuni no Harisugawa,28,2012 Issue 10,21,21,1.0,False,False,True,End #end リスタート,https://www.jajanken.net/en/issues/2012-02-20/
Tenmaku Cinema,1,2023 Issue 19,1,19,0.052632,True,True,False,Start Lead Color Scene 1: The First Movie,https://www.jajanken.net/en/issues/2023-04-24/
Tenmaku Cinema,2,2023 Issue 20,4,18,0.222222,True,False,False,Color Scene 2: Starring: Himeki Kurakui,https://www.jajanken.net/en/issues/2023-05-01/
Tenmaku Cinema,3,2023 Issue 21-22,8,20,0.4,False,False,False,Scene 3: The Shore and the Movie Research Club,https://www.jajanken.net/en/issues/2023-05-08/
Tenmaku Cinema,4,2023 Issue 23,5,18,0.277778,False,False,False,Scene 4: Hajime and Tenmaku on the Town,https://www.jajanken.net/en/issues/2023-05-22/
Tenmaku Cinema,5,2023 Issue 24,10,19,0.526316,False,False,False,Scene 5: On Her Beach,https://www.jajanken.net/en/issues/2023-05-29/
Tenmaku Cinema,6,2023 Issue 25,6,20,0.3,False,False,False,Scene 6: Tell Me,https://www.jajanken.net/en/issues/2023-06-05/
Tenmaku Cinema,7,2023 Issue 26,14,20,0.7,False,False,False,Scene 7: The Director's Job,https://www.jajanken.net/en/issues/2023-06-12/
Tenmaku Cinema,8,2023 Issue 27,16,19,0.842105,False,False,False,Scene 8: One-Line Stage Direction,https://www.jajanken.net/en/issues/2023-06-19/
Tenmaku Cinema,9,2023 Issue 28,18,20,0.9,False,False,False,Scene 9: Actor: Himeki Kurakui,https://www.jajanken.net/en/issues/2023-06-26/
Tenmaku Cinema,10,2023 Issue 29,20,20,1.0,False,False,False,Scene 10: Director Fukashi Yukio,https://www.jajanken.net/en/issues/2023-07-03/
Tenmaku Cinema,11,2023 Issue 30,19,20,0.95,False,False,False,Scene 11: First Friend,https://www.jajanken.net/en/issues/2023-07-10/
Tenmaku Cinema,12,2023 Issue 31,17,19,0.894737,False,False,False,Scene 12: An Actor's Disposition,https://www.jajanken.net/en/issues/2023-07-17/
Tenmaku Cinema,13,2023 Issue 32,17,21,0.809524,False,False,False,Scene 13: Takihiko Tenmaku,https://www.jajanken.net/en/issues/2023-07-24/
Tenmaku Cinema,14,2023 Issue 33,22,22,1.0,False,False,False,Scene 14: Himeki's Summer Vacation,https://www.jajanken.net/en/issues/2023-07-31/
Tenmaku Cinema,15,2023 Issue 34,18,21,0.857143,False,False,False,Scene 15: Movies and Music,https://www.jajanken.net/en/issues/2023-08-07/
Tenmaku Cinema,16,2023 Issue 35,17,19,0.894737,False,False,False,Scene 16: Hectic Shooting,https://www.jajanken.net/en/issues/2023-08-14/
Tenmaku Cinema,17,2023 Issue 36-37,18,23,0.782609,False,False,False,"Scene 17: Beach Location Trip, Day One",https://www.jajanken.net/en/issues/2023-08-21/
Tenmaku Cinema,18,2023 Issue 38,17,21,0.809524,False,False,False,"Scene 18: Day 2, Last Day",https://www.jajanken.net/en/issues/2023-09-04/
Tenmaku Cinema,19,2023 Issue 39,16,20,0.8,False,False,False,Scene 19: Rain in Shibuya,https://www.jajanken.net/en/issues/2023-09-11/
Tenmaku Cinema,20,2023 Issue 40,20,21,0.952381,False,False,False,Scene 20: The Night Before Submission,https://www.jajanken.net/en/issues/2023-09-18/
Tenmaku Cinema,21,2023 Issue 41,18,18,1.0,False,False,True,End Scene 21: The First Movie (Continued),https://www.jajanken.net/en/issues/2023-09-25/
Green Green Greens,1,2023 Issue 52,1,19,0.052632,True,True,False,Start Lead Color Chapter 1: Tee Off,https://www.jajanken.net/en/issues/2023-12-11/
Green Green Greens,2,2024 Issue 1,4,20,0.2,True,False,False,Color Chapter 2: Just A Little More,https://www.jajanken.net/en/issues/2024-01-01/
Green Green Greens,3,2024 Issue 2,10,20,0.5,False,False,False,Chapter 3: Non-Negotiable,https://www.jajanken.net/en/issues/2024-01-08/
Green Green Greens,4,2024 Issue 3,7,19,0.368421,False,False,False,Chapter 4: If I'm Going To Do This,https://www.jajanken.net/en/issues/2024-01-15/
Green Green Greens,5,2024 Issue 4-5,11,21,0.52381,False,False,False,Chapter 5: Send It Flying,https://www.jajanken.net/en/issues/2024-01-22/
Green Green Greens,6,2024 Issue 6-7,8,22,0.363636,False,False,False,Chapter 6: Conclusion,https://www.jajanken.net/en/issues/2024-01-29/
Green Green Greens,7,2024 Issue 8,13,21,0.619048,False,False,False,Chapter 7: To the Next,https://www.jajanken.net/en/issues/2024-02-05/
Green Green Greens,8,2024 Issue 9,13,20,0.65,False,False,False,Chapter 8: Compensation,https://www.jajanken.net/en/issues/2024-02-12/
Green Green Greens,9,2024 Issue 10,16,22,0.727273,False,False,False,Chapter 9: To Each His Own,https://www.jajanken.net/en/issues/2024-02-19/
Green Green Greens,10,2024 Issue 11,15,19,0.789474,False,False,False,Chapter 10: Asking for the Impossible,https://www.jajanken.net/en/issues/2024-02-26/
Green Green Greens,11,2024 Issue 12,17,20,0.85,False,False,False,Chapter 11: I Found It,https://www.jajanken.net/en/issues/2024-03-04/
Green Green Greens,12,2024 Issue 13,19,21,0.904762,False,False,False,Chapter 12: First,https://www.jajanken.net/en/issues/2024-03-11/
Green Green Greens,13,2024 Issue 14,16,20,0.8,False,False,False,Chapter 13: Steady,https://www.jajanken.net/en/issues/2024-03-18/
Green Green Greens,14,2024 Issue 15,9,21,0.428571,True,False,False,Color Chapter 14: The Talent to Strive for the Ideal,https://www.jajanken.net/en/issues/2024-03-25/
Green Green Greens,15,2024 Issue 16,20,21,0.952381,False,False,False,Chapter 15: Resolve,https://www.jajanken.net/en/issues/2024-04-01/
Green Green Greens,16,2024 Issue 17,17,20,0.85,False,False,False,Chapter 16: Skill,https://www.jajanken.net/en/issues/2024-04-08/
Green Green Greens,17,2024 Issue 18,16,20,0.8,False,False,False,Chapter 17: Nadeshiko,https://www.jajanken.net/en/issues/2024-04-15/
Green Green Greens,18,2024 Issue 19,16,20,0.8,False,False,False,Chapter 18: Changing,https://www.jajanken.net/en/issues/2024-04-22/
Green Green Greens,19,2024 Issue 20,15,19,0.789474,False,False,False,Chapter 19: Everything About Golf,https://www.jajanken.net/en/issues/2024-04-29/
Green Green Greens,20,2024 Issue 21,17,19,0.894737,False,False,False,Chapter 20: Gains,https://www.jajanken.net/en/issues/2024-05-06/
Green Green Greens,21,2024 Issue 22-23,18,20,0.9,False,False,False,Chapter 21: What I Can Do,https://www.jajanken.net/en/issues/2024-05-20/
Green Green Greens,22,2024 Issue 24,20,20,1.0,False,False,False,Chapter 22: Like You,https://www.jajanken.net/en/issues/2024-05-27/
Green Green Greens,23,2024 Issue 25,18,19,0.947368,False,False,False,Chapter 23: The Cost,https://www.jajanken.net/en/issues/2024-06-03/
Green Green Greens,24,2024 Issue 26,19,20,0.95,False,False,False,Chapter 24: A Favorable Wind,https://www.jajanken.net/en/issues/2024-06-10/
Green Green Greens,25,2024 Issue 27,19,20,0.95,False,False,False,Chapter 25: Teasing,https://www.jajanken.net/en/issues/2024-06-17/
Green Green Greens,26,2024 Issue 28,20,20,1.0,False,False,True,End Final Chapter: Those Who Are Green,https://www.jajanken.net/en/issues/2024-06-24/
