serie,chapitre_publie,numero_jump,rang,nombre_entrees,position_normalisee,couleur,description,url_numero
Naruto,1,1999 Issue 43,1,,,True,Start Lead Color Number 1: Uzumaki Naruto!,https://www.jajanken.net/en/issues/1999-10-04/
Naruto,2,1999 Issue 44,8,,,False,Number 2: Konohamaru!!,https://www.jajanken.net/en/issues/1999-10-11/
Naruto,3,1999 Issue 45,11,,,False,Number 3: Enter Sasuke!,https://www.jajanken.net/en/issues/1999-10-18/
Naruto,4,1999 Issue 46,8,,,True,Color Number 4: Hatake Kakashi!!,https://www.jajanken.net/en/issues/1999-10-25/
Naruto,5,1999 Issue 47,14,,,False,Number 5: Pride Goeth Before a Fall,https://www.jajanken.net/en/issues/1999-11-01/
Naruto,6,1999 Issue 48,13,,,False,Number 6: Not Sasuke!,https://www.jajanken.net/en/issues/1999-11-08/
Naruto,7,1999 Issue 49,9,,,False,Number 7: Kakashi's Decision,https://www.jajanken.net/en/issues/1999-11-15/
Naruto,8,1999 Issue 50,8,19,0.421053,False,Number 8: You Failed!,https://www.jajanken.net/en/issues/1999-11-22/
Naruto,9,1999 Issue 51,7,19,0.368421,False,Number 9: The Worst Client,https://www.jajanken.net/en/issues/1999-11-29/
Naruto,10,1999 Issue 52-53,6,19,0.315789,False,Number 10: Target #2,https://www.jajanken.net/en/issues/1999-12-06/
Naruto,11,2000 Issue 1,7,17,0.411765,False,Number 11: Going Ashore,https://www.jajanken.net/en/issues/2000-01-01/
Naruto,12,2000 Issue 2,10,19,0.526316,False,Number 12: Game Over!!!,https://www.jajanken.net/en/issues/2000-01-08/
Naruto,13,2000 Issue 3-4,10,20,0.5,False,Number 13: Ninja!!,https://www.jajanken.net/en/issues/2000-01-10/
Naruto,14,2000 Issue 5-6,5,21,0.238095,False,Number 14: The Secret Plan...!!!,https://www.jajanken.net/en/issues/2000-01-16/
Naruto,15,2000 Issue 7,1,19,0.052632,True,Lead Color Number 15: Return of the Sharingan,https://www.jajanken.net/en/issues/2000-01-31/
Naruto,16,2000 Issue 8,7,19,0.368421,False,Number 16: Who Are You?!,https://www.jajanken.net/en/issues/2000-02-07/
Naruto,17,2000 Issue 9,3,19,0.157895,False,Number 17: Preparations for Battle,https://www.jajanken.net/en/issues/2000-02-14/
Naruto,18,2000 Issue 10,5,20,0.25,False,Number 18: Training Day,https://www.jajanken.net/en/issues/2000-02-21/
Naruto,19,2000 Issue 11,6,19,0.315789,False,Number 19: The Emblem of Courage,https://www.jajanken.net/en/issues/2000-02-28/
Naruto,20,2000 Issue 12,6,19,0.315789,False,Number 20: The Land That Had a Hero...!!,https://www.jajanken.net/en/issues/2000-03-06/
Naruto,21,2000 Issue 13,6,19,0.315789,False,Number 21: A Meeting in the Forest...!!,https://www.jajanken.net/en/issues/2000-03-13/
Naruto,22,2000 Issue 14,4,19,0.210526,False,Number 22: The Enemies Return,https://www.jajanken.net/en/issues/2000-03-20/
Naruto,23,2000 Issue 15,2,19,0.105263,False,Number 23: Ambush Times Two!,https://www.jajanken.net/en/issues/2000-03-27/
Naruto,24,2000 Issue 16,3,20,0.15,False,Number 24: Speed!!,https://www.jajanken.net/en/issues/2000-04-03/
Naruto,25,2000 Issue 17,3,20,0.15,False,Number 25: For Your Dreams...!!,https://www.jajanken.net/en/issues/2000-04-10/
Naruto,26,2000 Issue 18,3,19,0.157895,False,Number 26: Sharingan Devastation!!,https://www.jajanken.net/en/issues/2000-04-17/
Naruto,27,2000 Issue 19,3,20,0.15,False,Number 27: Awakenings,https://www.jajanken.net/en/issues/2000-04-24/
Bleach,1,2001 Issue 36-37,1,,,True,Start Lead Color 1. DEATH & STRAWBERRY,https://www.jajanken.net/en/issues/2001-08-20/
Bleach,2,2001 Issue 38,8,,,False,2. STARTER,https://www.jajanken.net/en/issues/2001-09-03/
Bleach,3,2001 Issue 39,14,,,False,3. Head-Hittin',https://www.jajanken.net/en/issues/2001-09-10/
Bleach,4,2001 Issue 40,7,,,False,4. WHY DO YOU EAT IT?,https://www.jajanken.net/en/issues/2001-09-17/
Bleach,5,2001 Issue 41,6,,,True,Color 5. BINDA BLINDA,https://www.jajanken.net/en/issues/2001-09-24/
Bleach,6,2001 Issue 42,11,,,False,6. Microcrack.,https://www.jajanken.net/en/issues/2001-10-01/
Bleach,7,2001 Issue 43,12,,,False,7. THE PINK CHEEKED PARAKEET,https://www.jajanken.net/en/issues/2001-10-08/
Bleach,8,2001 Issue 44,6,21,0.285714,True,Color 8. Chasing Chad,https://www.jajanken.net/en/issues/2001-10-15/
Bleach,9,2001 Issue 45,8,20,0.4,False,9. Monster Vs. New Girl (Smack Down),https://www.jajanken.net/en/issues/2001-10-22/
Bleach,10,2001 Issue 46,12,21,0.571429,False,"10. Monster Vs. New Girl, Part 2 (The Substitute)",https://www.jajanken.net/en/issues/2001-10-29/
Bleach,11,2001 Issue 47,10,21,0.47619,False,11. LEECH-BOMBS AND MOM,https://www.jajanken.net/en/issues/2001-11-05/
Bleach,12,2001 Issue 48,11,21,0.52381,False,12. The Gate of the End,https://www.jajanken.net/en/issues/2001-11-12/
Bleach,13,2001 Issue 49,1,20,0.05,True,Lead Color 13. BAD STANDARD,https://www.jajanken.net/en/issues/2001-11-19/
Bleach,14,2001 Issue 50,7,20,0.35,False,14. School Daze!!!,https://www.jajanken.net/en/issues/2001-11-26/
Bleach,15,2001 Issue 51,4,21,0.190476,False,"15. Jumpin' Jack, Jolted",https://www.jajanken.net/en/issues/2001-12-03/
Bleach,16,2001 Issue 52,8,19,0.421053,False,16. Wasted but Wanted,https://www.jajanken.net/en/issues/2001-12-10/
Bleach,17,2002 Issue 1,17,21,0.809524,False,17. 6/17,https://www.jajanken.net/en/issues/2002-01-01/
Bleach,18,2002 Issue 2,13,21,0.619048,False,18. 6/17 op. 2 Doesn't Smile Much Anymore,https://www.jajanken.net/en/issues/2002-01-08/
Bleach,19,2002 Issue 3,8,21,0.380952,False,19. 6/17 op. 3 memories in the rain,https://www.jajanken.net/en/issues/2002-01-15/
Bleach,20,2002 Issue 4-5,19,21,0.904762,False,20. 6/17 op. 4 A Face From the Past,https://www.jajanken.net/en/issues/2002-01-17/
Bleach,21,2002 Issue 6-7,9,22,0.409091,False,21. 6/17 op. 5 A Fighting Boy,https://www.jajanken.net/en/issues/2002-01-23/
Bleach,22,2002 Issue 8,11,21,0.52381,False,22. 6/17 op. 6 Battle in the Graveyard,https://www.jajanken.net/en/issues/2002-02-04/
Bleach,23,2002 Issue 9,4,21,0.190476,False,"23. 6/17 op. 7 Sharp Will, Dull Blade",https://www.jajanken.net/en/issues/2002-02-11/
Bleach,24,2002 Issue 10,8,20,0.4,False,24. 6/17 op. 8 One-Sided Sympathy,https://www.jajanken.net/en/issues/2002-02-18/
Bleach,25,2002 Issue 11,10,20,0.5,False,25. 6/17 op. 9 A Fighting Boy 2 (The Cigarette Blues Mix),https://www.jajanken.net/en/issues/2002-02-25/
Bleach,26,2002 Issue 12,12,20,0.6,False,26. Paradise Is Nowhere,https://www.jajanken.net/en/issues/2002-03-04/
Bleach,27,2002 Issue 13,15,22,0.681818,False,27. Spirits AREN'T Always With Us,https://www.jajanken.net/en/issues/2002-03-11/
Jujutsu Kaisen,1,2018 Issue 14,1,,,True,Start Lead Color Chapter 1: Ryomen Sukuna,https://www.jajanken.net/en/issues/2018-03-19/
Jujutsu Kaisen,2,2018 Issue 15,9,,,True,Color Chapter 2: Secret Execution,https://www.jajanken.net/en/issues/2018-03-26/
Jujutsu Kaisen,3,2018 Issue 16,13,,,False,Chapter 3: For Myself,https://www.jajanken.net/en/issues/2018-04-02/
Jujutsu Kaisen,4,2018 Issue 17,8,,,False,Chapter 4: Girl of Steel,https://www.jajanken.net/en/issues/2018-04-09/
Jujutsu Kaisen,5,2018 Issue 18,7,,,False,Chapter 5: Start,https://www.jajanken.net/en/issues/2018-04-16/
Jujutsu Kaisen,6,2018 Issue 19,10,,,False,Chapter 6: Fearsome Womb,https://www.jajanken.net/en/issues/2018-04-23/
Jujutsu Kaisen,7,2018 Issue 20,9,,,False,"Chapter 7: Fearsome Womb, Part 2",https://www.jajanken.net/en/issues/2018-04-30/
Jujutsu Kaisen,8,2018 Issue 21-22,10,19,0.526316,False,"Chapter 8: Fearsome Womb, Part 3",https://www.jajanken.net/en/issues/2018-05-07/
Jujutsu Kaisen,9,2018 Issue 23,15,20,0.75,False,"Chapter 9: Fearsome Womb, Part 4",https://www.jajanken.net/en/issues/2018-05-21/
Jujutsu Kaisen,10,2018 Issue 24,13,19,0.684211,False,Chapter 10: After the Rain,https://www.jajanken.net/en/issues/2018-05-28/
Jujutsu Kaisen,11,2018 Issue 25,15,20,0.75,False,Chapter 11: A Dream,https://www.jajanken.net/en/issues/2018-06-04/
Jujutsu Kaisen,12,2018 Issue 26,14,20,0.7,False,Chapter 12: Pushing Forward,https://www.jajanken.net/en/issues/2018-06-11/
Jujutsu Kaisen,13,2018 Issue 27,18,20,0.9,False,Chapter 13: Watching Movies,https://www.jajanken.net/en/issues/2018-06-18/
Jujutsu Kaisen,14,2018 Issue 28,19,22,0.863636,False,Chapter 14: Assault,https://www.jajanken.net/en/issues/2018-06-25/
Jujutsu Kaisen,15,2018 Issue 29,7,21,0.333333,False,Chapter 15: Domain,https://www.jajanken.net/en/issues/2018-07-02/
Jujutsu Kaisen,16,2018 Issue 30,7,20,0.35,True,Color Chapter 16: Affection,https://www.jajanken.net/en/issues/2018-07-09/
Jujutsu Kaisen,17,2018 Issue 31,14,19,0.736842,False,Chapter 17: Boring,https://www.jajanken.net/en/issues/2018-07-16/
Jujutsu Kaisen,18,2018 Issue 32,15,19,0.789474,False,Chapter 18: Bottom,https://www.jajanken.net/en/issues/2018-07-23/
Jujutsu Kaisen,19,2018 Issue 33,7,22,0.318182,False,Chapter 19: Young Fish and Reverse Punishment,https://www.jajanken.net/en/issues/2018-07-30/
Jujutsu Kaisen,20,2018 Issue 34,3,21,0.142857,False,"Chapter 20: Young Fish and Reverse Punishment, Part 2",https://www.jajanken.net/en/issues/2018-08-06/
Jujutsu Kaisen,21,2018 Issue 35,4,20,0.2,False,"Chapter 21: Young Fish and Reverse Punishment, Part 3",https://www.jajanken.net/en/issues/2018-08-13/
Jujutsu Kaisen,22,2018 Issue 36-37,5,22,0.227273,False,"Chapter 22: Young Fish and Reverse Punishment, Part 4",https://www.jajanken.net/en/issues/2018-08-20/
Jujutsu Kaisen,23,2018 Issue 38,4,20,0.2,True,"Color Chapter 23: Young Fish and Reverse Punishment, Part 5",https://www.jajanken.net/en/issues/2018-09-03/
Jujutsu Kaisen,24,2018 Issue 39,4,19,0.210526,False,"Chapter 24: Young Fish and Reverse Punishment, Part 6",https://www.jajanken.net/en/issues/2018-09-10/
Jujutsu Kaisen,25,2018 Issue 40,5,19,0.263158,False,Chapter 25: Narrow-Minded,https://www.jajanken.net/en/issues/2018-09-17/
Jujutsu Kaisen,26,2018 Issue 41,2,18,0.111111,False,Chapter 26: To You Someday,https://www.jajanken.net/en/issues/2018-09-24/
Jujutsu Kaisen,27,2018 Issue 42,5,19,0.263158,False,Chapter 27: What If,https://www.jajanken.net/en/issues/2018-10-01/
My Hero Academia,1,2014 Issue 32,1,,,True,Start Lead Color No. 1 - Izuku Midoriya: Origin,https://www.jajanken.net/en/issues/2014-07-21/
My Hero Academia,2,2014 Issue 33,7,,,True,Color No. 2 - Roaring Muscles,https://www.jajanken.net/en/issues/2014-07-28/
My Hero Academia,3,2014 Issue 34,9,,,False,No. 3 - Entrance Exams,https://www.jajanken.net/en/issues/2014-08-04/
My Hero Academia,4,2014 Issue 35,14,,,False,No. 4 - Starting Line,https://www.jajanken.net/en/issues/2014-08-11/
My Hero Academia,5,2014 Issue 36,14,,,False,No. 5 - Smashing Into Academia,https://www.jajanken.net/en/issues/2014-08-18/
My Hero Academia,6,2014 Issue 37-38,9,,,False,No. 6 - What I Can Do For Now,https://www.jajanken.net/en/issues/2014-08-25/
My Hero Academia,7,2014 Issue 39,11,,,False,No. 7 - Costume Change?,https://www.jajanken.net/en/issues/2014-09-08/
My Hero Academia,8,2014 Issue 40,7,20,0.35,False,"No. 8 - Rage, You Damned Nerd",https://www.jajanken.net/en/issues/2014-09-15/
My Hero Academia,9,2014 Issue 41,10,20,0.5,True,Color No. 9 - Deku Vs. Kacchan,https://www.jajanken.net/en/issues/2014-09-22/
My Hero Academia,10,2014 Issue 42,5,20,0.25,False,No. 10 - Breaking Bakugo,https://www.jajanken.net/en/issues/2014-09-29/
My Hero Academia,11,2014 Issue 43,2,19,0.105263,False,No. 11 - Bakugo's Starting Line,https://www.jajanken.net/en/issues/2014-10-06/
My Hero Academia,12,2014 Issue 44,6,21,0.285714,False,"No. 12 - Yeah, Just Do Your Best, Ida!",https://www.jajanken.net/en/issues/2014-10-13/
My Hero Academia,13,2014 Issue 45,3,21,0.142857,False,No. 13 - Rescue Training,https://www.jajanken.net/en/issues/2014-10-20/
My Hero Academia,14,2014 Issue 46,6,21,0.285714,True,Color No. 14 - Encounter with the Unknown,https://www.jajanken.net/en/issues/2014-10-27/
My Hero Academia,15,2014 Issue 47,10,21,0.47619,True,Color No. 15 - Vs.,https://www.jajanken.net/en/issues/2014-11-03/
My Hero Academia,16,2014 Issue 48,7,21,0.333333,False,No. 16 - Know Your Enemies,https://www.jajanken.net/en/issues/2014-11-10/
My Hero Academia,17,2014 Issue 49,5,20,0.25,False,No. 17 - Game Over,https://www.jajanken.net/en/issues/2014-11-17/
My Hero Academia,18,2014 Issue 50,3,20,0.15,False,No. 18 - Heroes' Counterattack,https://www.jajanken.net/en/issues/2014-11-24/
My Hero Academia,19,2014 Issue 51,6,19,0.315789,False,No. 19 - All Might,https://www.jajanken.net/en/issues/2014-12-01/
My Hero Academia,20,2014 Issue 52,7,19,0.368421,True,Color No. 20 - The World of Pros,https://www.jajanken.net/en/issues/2014-12-08/
My Hero Academia,21,2015 Issue 1,2,20,0.1,False,No. 21 - In Each of Our Hearts,https://www.jajanken.net/en/issues/2015-01-01/
My Hero Academia,22,2015 Issue 2,3,20,0.15,False,"No. 22 - That's the Idea, Ochako",https://www.jajanken.net/en/issues/2015-01-08/
My Hero Academia,23,2015 Issue 3,1,21,0.047619,True,Lead Color No. 23 - Roaring Sports Festival,https://www.jajanken.net/en/issues/2015-01-15/
My Hero Academia,24,2015 Issue 4-5,3,21,0.142857,False,No. 24 - Mad Dash and Knockdown,https://www.jajanken.net/en/issues/2015-01-21/
My Hero Academia,25,2015 Issue 6-7,4,21,0.190476,False,No. 25 - In Their Own Quirky Ways,https://www.jajanken.net/en/issues/2015-01-28/
My Hero Academia,26,2015 Issue 8,2,21,0.095238,False,No. 26 - Chase Down the Leader,https://www.jajanken.net/en/issues/2015-02-02/
My Hero Academia,27,2015 Issue 9,2,20,0.1,False,No. 27 - Earth-Shatteringly Fateful Negotiations,https://www.jajanken.net/en/issues/2015-02-09/
Lock On!,1,2010 Issue 12,1,20,0.05,True,Start Lead Color 1枚目 現役高校生プロカメラマン真田,https://www.jajanken.net/en/issues/2010-03-08/
Lock On!,2,2010 Issue 13,5,20,0.25,True,Color 2枚目 シャッターアイ,https://www.jajanken.net/en/issues/2010-03-15/
Lock On!,3,2010 Issue 14,10,21,0.47619,False,3枚目 ダイヤモンドヘッド,https://www.jajanken.net/en/issues/2010-03-22/
Lock On!,4,2010 Issue 15,10,22,0.454545,False,4枚目 大和,https://www.jajanken.net/en/issues/2010-03-29/
Lock On!,5,2010 Issue 16,12,22,0.545455,False,5枚目 怒れる男の叫び,https://www.jajanken.net/en/issues/2010-04-05/
Lock On!,6,2010 Issue 17,12,22,0.545455,False,6枚目 ケガの功名?,https://www.jajanken.net/en/issues/2010-04-12/
Lock On!,7,2010 Issue 18,6,21,0.285714,True,Color 7枚目 学ランカメラマン,https://www.jajanken.net/en/issues/2010-04-19/
Lock On!,8,2010 Issue 19,13,21,0.619048,False,8枚目 急がば急げ!!,https://www.jajanken.net/en/issues/2010-04-26/
Lock On!,9,2010 Issue 20,15,21,0.714286,False,9枚目 今日はいい日だ,https://www.jajanken.net/en/issues/2010-05-03/
Lock On!,10,2010 Issue 21-22,12,22,0.545455,False,10枚目 2人の祭,https://www.jajanken.net/en/issues/2010-05-10/
Lock On!,11,2010 Issue 23,11,21,0.52381,False,11枚目 愛をとり戻せ!!,https://www.jajanken.net/en/issues/2010-05-24/
Lock On!,12,2010 Issue 24,13,22,0.590909,False,12枚目 盗撮ハイスクール,https://www.jajanken.net/en/issues/2010-05-31/
Lock On!,13,2010 Issue 25,17,22,0.772727,False,13枚目 新聞部文沢!!,https://www.jajanken.net/en/issues/2010-06-07/
Lock On!,14,2010 Issue 26,13,22,0.590909,False,14枚目 檻の外の獣,https://www.jajanken.net/en/issues/2010-06-14/
Lock On!,15,2010 Issue 27,17,21,0.809524,False,15枚目 友達って言われても,https://www.jajanken.net/en/issues/2010-06-21/
Lock On!,16,2010 Issue 28,21,22,0.954545,False,16枚目 今でも,https://www.jajanken.net/en/issues/2010-06-28/
Lock On!,17,2010 Issue 29,19,21,0.904762,False,17枚目 蹴飛ばせ!!,https://www.jajanken.net/en/issues/2010-07-05/
Lock On!,18,2010 Issue 30,20,21,0.952381,False,End 18枚目 私でも君を,https://www.jajanken.net/en/issues/2010-07-12/
"Kiben Gakuha, Yotsuya-Senpai no Kaidan",1,2010 Issue 13,1,20,0.05,True,Start Lead Color 第1夜 「三本肢のミカちゃん人形」 第1話 “四ツ谷先輩”,https://www.jajanken.net/en/issues/2010-03-15/
"Kiben Gakuha, Yotsuya-Senpai no Kaidan",2,2010 Issue 14,6,21,0.285714,True,Color 第2夜 旧校舎のかくれんぼ 第2話 もういいかい,https://www.jajanken.net/en/issues/2010-03-22/
"Kiben Gakuha, Yotsuya-Senpai no Kaidan",3,2010 Issue 15,7,22,0.318182,False,第3話 もういいよ,https://www.jajanken.net/en/issues/2010-03-29/
"Kiben Gakuha, Yotsuya-Senpai no Kaidan",4,2010 Issue 16,10,22,0.454545,False,第3夜 「呼子桜」 第4話 下,https://www.jajanken.net/en/issues/2010-04-05/
"Kiben Gakuha, Yotsuya-Senpai no Kaidan",5,2010 Issue 17,14,22,0.636364,False,第5話 上,https://www.jajanken.net/en/issues/2010-04-12/
"Kiben Gakuha, Yotsuya-Senpai no Kaidan",6,2010 Issue 18,11,21,0.52381,False,第4夜 「十増間さん」 第6話 十増間加奈子,https://www.jajanken.net/en/issues/2010-04-19/
"Kiben Gakuha, Yotsuya-Senpai no Kaidan",7,2010 Issue 19,16,21,0.761905,False,第7話 とましまかなこ,https://www.jajanken.net/en/issues/2010-04-26/
"Kiben Gakuha, Yotsuya-Senpai no Kaidan",8,2010 Issue 20,17,21,0.809524,False,第8話 少女達の遊戯,https://www.jajanken.net/en/issues/2010-05-03/
"Kiben Gakuha, Yotsuya-Senpai no Kaidan",9,2010 Issue 21-22,14,22,0.636364,False,第9話 遭遇,https://www.jajanken.net/en/issues/2010-05-10/
"Kiben Gakuha, Yotsuya-Senpai no Kaidan",10,2010 Issue 23,17,21,0.809524,False,第10話 肯定,https://www.jajanken.net/en/issues/2010-05-24/
"Kiben Gakuha, Yotsuya-Senpai no Kaidan",11,2010 Issue 24,19,22,0.863636,False,第11話 否定,https://www.jajanken.net/en/issues/2010-05-31/
"Kiben Gakuha, Yotsuya-Senpai no Kaidan",12,2010 Issue 25,21,22,0.954545,False,第7夜 「狐狗狸さん」 第12話 新しい種,https://www.jajanken.net/en/issues/2010-06-07/
"Kiben Gakuha, Yotsuya-Senpai no Kaidan",13,2010 Issue 26,21,22,0.954545,False,第13話 3つの疑惑,https://www.jajanken.net/en/issues/2010-06-14/
"Kiben Gakuha, Yotsuya-Senpai no Kaidan",14,2010 Issue 27,20,21,0.952381,False,第14話 「馬鹿の行動」,https://www.jajanken.net/en/issues/2010-06-21/
"Kiben Gakuha, Yotsuya-Senpai no Kaidan",15,2010 Issue 28,20,22,0.909091,False,第15話 最後の言葉,https://www.jajanken.net/en/issues/2010-06-28/
"Kiben Gakuha, Yotsuya-Senpai no Kaidan",16,2010 Issue 29,20,21,0.952381,False,第8夜 花子さん 第16話 長谷川花子を殺した理由,https://www.jajanken.net/en/issues/2010-07-05/
"Kiben Gakuha, Yotsuya-Senpai no Kaidan",17,2010 Issue 30,19,21,0.904762,False,第17話 バースデーケーキゴヨヤク1点Mサイズ,https://www.jajanken.net/en/issues/2010-07-12/
"Kiben Gakuha, Yotsuya-Senpai no Kaidan",18,2010 Issue 31,19,20,0.95,False,End 第9夜 “四ツ谷先輩” 最終話 七不思議 プラス1,https://www.jajanken.net/en/issues/2010-07-19/
Kagami no Kuni no Harisugawa,1,2011 Issue 31,1,20,0.05,True,Start Lead Color #1 謎の鏡,https://www.jajanken.net/en/issues/2011-07-25/
Kagami no Kuni no Harisugawa,2,2011 Issue 32,6,20,0.3,True,Color #2 新しい生活,https://www.jajanken.net/en/issues/2011-08-01/
Kagami no Kuni no Harisugawa,3,2011 Issue 33,11,20,0.55,False,#3 鏡越しの学校,https://www.jajanken.net/en/issues/2011-08-08/
Kagami no Kuni no Harisugawa,4,2011 Issue 34,5,20,0.25,False,#4 犯人はどこに?,https://www.jajanken.net/en/issues/2011-08-15/
Kagami no Kuni no Harisugawa,5,2011 Issue 35-36,8,21,0.380952,False,#5 ラブミラーその1,https://www.jajanken.net/en/issues/2011-08-22/
Kagami no Kuni no Harisugawa,6,2011 Issue 37,8,21,0.380952,False,#6 ラブミラーその2,https://www.jajanken.net/en/issues/2011-09-05/
Kagami no Kuni no Harisugawa,7,2011 Issue 38,7,21,0.333333,False,#7 針栖川を追え,https://www.jajanken.net/en/issues/2011-09-12/
Kagami no Kuni no Harisugawa,8,2011 Issue 39,4,19,0.210526,True,Color #8 心は揺れる,https://www.jajanken.net/en/issues/2011-09-19/
Kagami no Kuni no Harisugawa,9,2011 Issue 40,8,20,0.4,False,#9 針栖川の失敗,https://www.jajanken.net/en/issues/2011-09-26/
Kagami no Kuni no Harisugawa,10,2011 Issue 41,5,20,0.25,False,#10 キレ男須田,https://www.jajanken.net/en/issues/2011-10-03/
Kagami no Kuni no Harisugawa,11,2011 Issue 42,5,21,0.238095,False,#11 それが恋,https://www.jajanken.net/en/issues/2011-10-10/
Kagami no Kuni no Harisugawa,12,2011 Issue 43,5,20,0.25,False,#12 大浴場危機一髪,https://www.jajanken.net/en/issues/2011-10-17/
Kagami no Kuni no Harisugawa,13,2011 Issue 44,10,20,0.5,True,Color #13 サイテー男?針栖川,https://www.jajanken.net/en/issues/2011-10-24/
Kagami no Kuni no Harisugawa,14,2011 Issue 45,11,21,0.52381,False,#14 誤解?そーなんです,https://www.jajanken.net/en/issues/2011-10-31/
Kagami no Kuni no Harisugawa,15,2011 Issue 46,16,21,0.761905,False,#15 突然の再会,https://www.jajanken.net/en/issues/2011-11-07/
Kagami no Kuni no Harisugawa,16,2011 Issue 47,18,20,0.9,False,#16 私が好きなのは,https://www.jajanken.net/en/issues/2011-11-14/
Kagami no Kuni no Harisugawa,17,2011 Issue 48,11,19,0.578947,False,#17 三角形の始まり,https://www.jajanken.net/en/issues/2011-11-21/
Kagami no Kuni no Harisugawa,18,2011 Issue 49,14,20,0.7,False,#18 新しい味方,https://www.jajanken.net/en/issues/2011-11-28/
Kagami no Kuni no Harisugawa,19,2011 Issue 50,20,21,0.952381,False,#19 鏡と協力者,https://www.jajanken.net/en/issues/2011-12-05/
Kagami no Kuni no Harisugawa,20,2011 Issue 51,21,21,1.0,False,#20 自覚症状,https://www.jajanken.net/en/issues/2011-12-12/
Kagami no Kuni no Harisugawa,21,2012 Issue 1,9,21,0.428571,True,Color #21 両思い成立?,https://www.jajanken.net/en/issues/2012-01-01/
Kagami no Kuni no Harisugawa,22,2012 Issue 2,11,21,0.52381,False,#22 消失,https://www.jajanken.net/en/issues/2012-01-08/
Kagami no Kuni no Harisugawa,23,2012 Issue 3-4,18,22,0.818182,False,#23 傷心,https://www.jajanken.net/en/issues/2012-01-15/
Kagami no Kuni no Harisugawa,24,2012 Issue 5-6,21,23,0.913043,False,#24 証拠写真,https://www.jajanken.net/en/issues/2012-01-22/
Kagami no Kuni no Harisugawa,25,2012 Issue 7,15,21,0.714286,False,#25 2人の儀式,https://www.jajanken.net/en/issues/2012-01-30/
Kagami no Kuni no Harisugawa,26,2012 Issue 8,15,21,0.714286,False,#26 告白,https://www.jajanken.net/en/issues/2012-02-06/
Kagami no Kuni no Harisugawa,27,2012 Issue 9,20,21,0.952381,False,#27 一瞬の両想い,https://www.jajanken.net/en/issues/2012-02-13/
Tenmaku Cinema,1,2023 Issue 19,1,19,0.052632,True,Start Lead Color Scene 1: The First Movie,https://www.jajanken.net/en/issues/2023-04-24/
Tenmaku Cinema,2,2023 Issue 20,4,18,0.222222,True,Color Scene 2: Starring: Himeki Kurakui,https://www.jajanken.net/en/issues/2023-05-01/
Tenmaku Cinema,3,2023 Issue 21-22,8,20,0.4,False,Scene 3: The Shore and the Movie Research Club,https://www.jajanken.net/en/issues/2023-05-08/
Tenmaku Cinema,4,2023 Issue 23,5,18,0.277778,False,Scene 4: Hajime and Tenmaku on the Town,https://www.jajanken.net/en/issues/2023-05-22/
Tenmaku Cinema,5,2023 Issue 24,10,19,0.526316,False,Scene 5: On Her Beach,https://www.jajanken.net/en/issues/2023-05-29/
Tenmaku Cinema,6,2023 Issue 25,6,20,0.3,False,Scene 6: Tell Me,https://www.jajanken.net/en/issues/2023-06-05/
Tenmaku Cinema,7,2023 Issue 26,14,20,0.7,False,Scene 7: The Director's Job,https://www.jajanken.net/en/issues/2023-06-12/
Tenmaku Cinema,8,2023 Issue 27,16,19,0.842105,False,Scene 8: One-Line Stage Direction,https://www.jajanken.net/en/issues/2023-06-19/
Tenmaku Cinema,9,2023 Issue 28,18,20,0.9,False,Scene 9: Actor: Himeki Kurakui,https://www.jajanken.net/en/issues/2023-06-26/
Tenmaku Cinema,10,2023 Issue 29,20,20,1.0,False,Scene 10: Director Fukashi Yukio,https://www.jajanken.net/en/issues/2023-07-03/
Tenmaku Cinema,11,2023 Issue 30,19,20,0.95,False,Scene 11: First Friend,https://www.jajanken.net/en/issues/2023-07-10/
Tenmaku Cinema,12,2023 Issue 31,17,19,0.894737,False,Scene 12: An Actor's Disposition,https://www.jajanken.net/en/issues/2023-07-17/
Tenmaku Cinema,13,2023 Issue 32,17,21,0.809524,False,Scene 13: Takihiko Tenmaku,https://www.jajanken.net/en/issues/2023-07-24/
Tenmaku Cinema,14,2023 Issue 33,22,22,1.0,False,Scene 14: Himeki's Summer Vacation,https://www.jajanken.net/en/issues/2023-07-31/
Tenmaku Cinema,15,2023 Issue 34,18,21,0.857143,False,Scene 15: Movies and Music,https://www.jajanken.net/en/issues/2023-08-07/
Tenmaku Cinema,16,2023 Issue 35,17,19,0.894737,False,Scene 16: Hectic Shooting,https://www.jajanken.net/en/issues/2023-08-14/
Tenmaku Cinema,17,2023 Issue 36-37,18,23,0.782609,False,"Scene 17: Beach Location Trip, Day One",https://www.jajanken.net/en/issues/2023-08-21/
Tenmaku Cinema,18,2023 Issue 38,17,21,0.809524,False,"Scene 18: Day 2, Last Day",https://www.jajanken.net/en/issues/2023-09-04/
Tenmaku Cinema,19,2023 Issue 39,16,20,0.8,False,Scene 19: Rain in Shibuya,https://www.jajanken.net/en/issues/2023-09-11/
Tenmaku Cinema,20,2023 Issue 40,20,21,0.952381,False,Scene 20: The Night Before Submission,https://www.jajanken.net/en/issues/2023-09-18/
Tenmaku Cinema,21,2023 Issue 41,18,18,1.0,False,End Scene 21: The First Movie (Continued),https://www.jajanken.net/en/issues/2023-09-25/
Green Green Greens,1,2023 Issue 52,1,19,0.052632,True,Start Lead Color Chapter 1: Tee Off,https://www.jajanken.net/en/issues/2023-12-11/
Green Green Greens,2,2024 Issue 1,4,20,0.2,True,Color Chapter 2: Just A Little More,https://www.jajanken.net/en/issues/2024-01-01/
Green Green Greens,3,2024 Issue 2,10,20,0.5,False,Chapter 3: Non-Negotiable,https://www.jajanken.net/en/issues/2024-01-08/
Green Green Greens,4,2024 Issue 3,7,19,0.368421,False,Chapter 4: If I'm Going To Do This,https://www.jajanken.net/en/issues/2024-01-15/
Green Green Greens,5,2024 Issue 4-5,11,21,0.52381,False,Chapter 5: Send It Flying,https://www.jajanken.net/en/issues/2024-01-22/
Green Green Greens,6,2024 Issue 6-7,8,22,0.363636,False,Chapter 6: Conclusion,https://www.jajanken.net/en/issues/2024-01-29/
Green Green Greens,7,2024 Issue 8,13,21,0.619048,False,Chapter 7: To the Next,https://www.jajanken.net/en/issues/2024-02-05/
Green Green Greens,8,2024 Issue 9,13,20,0.65,False,Chapter 8: Compensation,https://www.jajanken.net/en/issues/2024-02-12/
Green Green Greens,9,2024 Issue 10,16,22,0.727273,False,Chapter 9: To Each His Own,https://www.jajanken.net/en/issues/2024-02-19/
Green Green Greens,10,2024 Issue 11,15,19,0.789474,False,Chapter 10: Asking for the Impossible,https://www.jajanken.net/en/issues/2024-02-26/
Green Green Greens,11,2024 Issue 12,17,20,0.85,False,Chapter 11: I Found It,https://www.jajanken.net/en/issues/2024-03-04/
Green Green Greens,12,2024 Issue 13,19,21,0.904762,False,Chapter 12: First,https://www.jajanken.net/en/issues/2024-03-11/
Green Green Greens,13,2024 Issue 14,16,20,0.8,False,Chapter 13: Steady,https://www.jajanken.net/en/issues/2024-03-18/
Green Green Greens,14,2024 Issue 15,9,21,0.428571,True,Color Chapter 14: The Talent to Strive for the Ideal,https://www.jajanken.net/en/issues/2024-03-25/
Green Green Greens,15,2024 Issue 16,20,21,0.952381,False,Chapter 15: Resolve,https://www.jajanken.net/en/issues/2024-04-01/
Green Green Greens,16,2024 Issue 17,17,20,0.85,False,Chapter 16: Skill,https://www.jajanken.net/en/issues/2024-04-08/
Green Green Greens,17,2024 Issue 18,16,20,0.8,False,Chapter 17: Nadeshiko,https://www.jajanken.net/en/issues/2024-04-15/
Green Green Greens,18,2024 Issue 19,16,20,0.8,False,Chapter 18: Changing,https://www.jajanken.net/en/issues/2024-04-22/
Green Green Greens,19,2024 Issue 20,15,19,0.789474,False,Chapter 19: Everything About Golf,https://www.jajanken.net/en/issues/2024-04-29/
Green Green Greens,20,2024 Issue 21,17,19,0.894737,False,Chapter 20: Gains,https://www.jajanken.net/en/issues/2024-05-06/
Green Green Greens,21,2024 Issue 22-23,18,20,0.9,False,Chapter 21: What I Can Do,https://www.jajanken.net/en/issues/2024-05-20/
Green Green Greens,22,2024 Issue 24,20,20,1.0,False,Chapter 22: Like You,https://www.jajanken.net/en/issues/2024-05-27/
Green Green Greens,23,2024 Issue 25,18,19,0.947368,False,Chapter 23: The Cost,https://www.jajanken.net/en/issues/2024-06-03/
Green Green Greens,24,2024 Issue 26,19,20,0.95,False,Chapter 24: A Favorable Wind,https://www.jajanken.net/en/issues/2024-06-10/
Green Green Greens,25,2024 Issue 27,19,20,0.95,False,Chapter 25: Teasing,https://www.jajanken.net/en/issues/2024-06-17/
Green Green Greens,26,2024 Issue 28,20,20,1.0,False,End Final Chapter: Those Who Are Green,https://www.jajanken.net/en/issues/2024-06-24/
