groupe;serie;senscritique_t1;sc_nombre_notes_t1;senscritique_t2;sc_nombre_notes_t2;goodreads_t1;gr_nombre_notes_t1;goodreads_t2;gr_nombre_notes_t2;variation_goodreads_t2_moins_t1;remarque_senscritique;url_sc_t1;url_sc_t2;url_gr_t1;url_gr_t2
Succès;Naruto;7,2;835;7,3;681;4,41;251143;4,44;32323;+0,03;Deux fiches par volume disponibles;https://www.senscritique.com/bd/x/13019798;https://www.senscritique.com/bd/x/13019803;https://www.goodreads.com/book/show/2477741;https://www.goodreads.com/book/show/1710607
Succès;Bleach;6,8;277;6,6;269;4,27;202963;4,30;20535;+0,03;Deux fiches par volume disponibles;https://www.senscritique.com/bd/x/15331210;https://www.senscritique.com/bd/x/15331211;https://www.goodreads.com/book/show/2880;https://www.goodreads.com/book/show/271268
Succès;Jujutsu Kaisen;6,8;375;7,1;309;4,49;72793;4,46;38557;-0,03;JJK principal inclus — JJK Modulo exclu;https://www.senscritique.com/bd/x/39730504;https://www.senscritique.com/bd/x/39730507;https://www.goodreads.com/book/show/44451887;https://www.goodreads.com/book/show/51169203
Succès;My Hero Academia;7,1;834;7,2;594;4,28;158556;4,43;36952;+0,15;Deux fiches par volume disponibles;https://www.senscritique.com/bd/x/18352863;https://www.senscritique.com/bd/x/18352864;https://www.goodreads.com/book/show/25074597;https://www.goodreads.com/book/show/27418111
Axée malgré MAL > 7;Lock On!;N/D;;N/D;;3,33;21;3,25;20;-0,08;Aucune fiche SensCritique exploitable repérée;;;https://www.goodreads.com/book/show/17721009;https://www.goodreads.com/book/show/17721181
Axée malgré MAL > 7;Kiben Gakuha — Yotsuya-senpai no Kaidan;N/D;;N/D;;3,89;27;3,92;26;+0,03;SensCritique ne propose qu’une fiche générale sans moyenne affichée;https://www.senscritique.com/bd/x/45499619;;https://www.goodreads.com/book/show/46001397;https://www.goodreads.com/book/show/19251762
Axée malgré MAL > 7;Kagami no Kuni no Harisugawa;N/D;;N/D;;4,07;43;4,20;30;+0,13;SensCritique : seulement une note générale de série à 6,9/10 sur 26 notes — pas de notes séparées par tome;https://www.senscritique.com/bd/x/8827314;;https://www.goodreads.com/book/show/18003275;https://www.goodreads.com/book/show/15980813
Axée malgré MAL > 7;Tenmaku Cinema;N/D;;N/D;;3,81;72;3,88;25;+0,07;La fiche SensCritique du tome 1 existe mais n’a pas de moyenne;https://www.senscritique.com/bd/x/57265016;;https://www.goodreads.com/book/show/136352965;https://www.goodreads.com/book/show/209616004
Axée malgré MAL > 7;Green Green Greens;N/D;;N/D;;4,12;17;3,82;11;-0,30;SensCritique ne propose qu’une fiche générale sans moyenne affichée;https://www.senscritique.com/bd/x/68079228;;https://www.goodreads.com/book/show/214502087;https://www.goodreads.com/book/show/215700964
