chapitre,tome,numero_jump,rang,nombre_entrees,position_normalisee,couleur,fin,description,url_numero
1,1,2021 Issue 30,1,20,0.05,True,False,Start Lead Color No.1: The Red Huntress,https://www.jajanken.net/en/issues/2021-07-12/
2,1,2021 Issue 31,6,19,0.315789,True,False,Color No. 2: Dodou & Naraoia,https://www.jajanken.net/en/issues/2021-07-19/
3,1,2021 Issue 32,8,19,0.421053,False,False,No. 3: Of Werewolves and Hunters,https://www.jajanken.net/en/issues/2021-07-26/
4,1,2021 Issue 33-34,5,20,0.25,False,False,No. 4: Plans,https://www.jajanken.net/en/issues/2021-08-02/
5,1,2021 Issue 35,9,21,0.428571,False,False,No. 5: Smoke Signal,https://www.jajanken.net/en/issues/2021-08-16/
6,1,2021 Issue 36-37,8,21,0.380952,False,False,No. 6: Beginning of Part 2: Outside World,https://www.jajanken.net/en/issues/2021-08-23/
7,1,2021 Issue 38,12,21,0.571429,False,False,No. 7: The Ironworks,https://www.jajanken.net/en/issues/2021-09-06/
8,2,2021 Issue 39,8,21,0.380952,False,False,No. 8: Hot-Blooded Debonair,https://www.jajanken.net/en/issues/2021-09-13/
9,2,2021 Issue 40,18,21,0.857143,False,False,No. 9: The Exam Begins,https://www.jajanken.net/en/issues/2021-09-20/
10,2,2021 Issue 41,21,21,1.0,False,False,No. 10: The Six's Plan,https://www.jajanken.net/en/issues/2021-09-27/
11,2,2021 Issue 42,18,19,0.947368,False,False,No. 11: Merriopios,https://www.jajanken.net/en/issues/2021-10-04/
12,2,2021 Issue 43,21,21,1.0,False,False,No. 12: Bonkers,https://www.jajanken.net/en/issues/2021-10-11/
13,2,2021 Issue 44,18,19,0.947368,False,False,No. 13: It Takes All Kinds,https://www.jajanken.net/en/issues/2021-10-18/
14,3,2021 Issue 45,20,20,1.0,False,False,No. 14: The 42nd Final Debarkation Exam,https://www.jajanken.net/en/issues/2021-10-25/
15,3,2021 Issue 46,19,20,0.95,False,False,No. 15: End of the Line,https://www.jajanken.net/en/issues/2021-11-01/
16,3,2021 Issue 47,20,20,1.0,False,False,No. 16: The True Book,https://www.jajanken.net/en/issues/2021-11-08/
17,3,2021 Issue 48,17,20,0.85,False,False,No. 17: Holograms,https://www.jajanken.net/en/issues/2021-11-15/
18,3,2021 Issue 49,20,21,0.952381,False,True,End Final Chapter: The Battle Is...,https://www.jajanken.net/en/issues/2021-11-22/
