date,timestamp,average_displayed,ratings_count,basis,histogram_observed,histogram_gap,histogram_status,source,star_5_count,star_4_count,star_3_count,star_2_count,star_1_count,star_5_pct,star_4_pct,star_3_pct,star_2_pct,star_1_pct,star_4_5_pct,star_1_2_pct
2010-08-23,20100823011926,4.29,72574,Toutes éditions,72574,0,Valide : total = en-tête,https://web.archive.org/web/20100823011926id_/http://www.goodreads.com:80/book/show/15241.The_Two_Towers,37313,22530,10030,2118,583,0.5141372943478381,0.3104417560007716,0.13820376443354368,0.029184005291151102,0.00803317992669551,0.8245790503486097,0.03721718521784661
2015-02-05,20150205101849,4.39,380573,Toutes éditions,380573,0,Valide : total = en-tête,https://web.archive.org/web/20150205101849id_/http://www.goodreads.com/book/show/15241.The_Two_Towers,212938,114893,42486,8089,2167,0.5595194614436652,0.30189477445851387,0.1116369264241026,0.02125479211609862,0.005694045557619694,0.8614142359021791,0.026948837673718314
2016-06-18,20160618214711,4.4,469278,Toutes éditions,469278,0,Valide : total = en-tête,https://web.archive.org/web/20160618214711id_/https://www.goodreads.com/book/show/15241.The_Two_Towers,267144,139558,50425,9432,2719,0.569265978801478,0.2973887546401067,0.10745229906366802,0.02009896053085804,0.005794006963889209,0.8666547334415847,0.02589296749474725
2017-06-28,20170628015426,4.42,524595,Toutes éditions,524595,0,Valide : total = en-tête,https://web.archive.org/web/20170628015426id_/http://www.goodreads.com/book/show/15241.The_Two_Towers,302365,154221,54866,10165,2978,0.5763779677656097,0.29398107111200067,0.10458734833538254,0.019376852619639912,0.005676760167367207,0.8703590388776103,0.02505361278700712
2018-09-05,20180905010718,4.43,579989,Toutes éditions,579989,0,Valide : total = en-tête,https://web.archive.org/web/20180905010718id_/https://www.goodreads.com/book/show/15241.The_Two_Towers,338296,168623,59017,10856,3197,0.5832800277246637,0.29073482428115016,0.1017553781192402,0.018717596368206982,0.005512173506738921,0.8740148520058139,0.024229769874945906
2019-03-06,20190306182533,4.43,605252,Toutes éditions,605252,0,Valide : total = en-tête,https://web.archive.org/web/20190306182533id_/https://www.goodreads.com/book/show/15241.The_Two_Towers,355428,174723,60683,11105,3313,0.5872396952013377,0.2886781043267928,0.10026071784975514,0.018347729540753272,0.005473753081361152,0.8759177995281304,0.023821482622114424
2020-06-20,20200620041731,4.44,691282,Toutes éditions,691282,0,Valide : total = en-tête,https://web.archive.org/web/20200620041731id_/https://www.goodreads.com/book/show/15241.The_Two_Towers,411829,195855,66948,12475,4175,0.5957467430079186,0.2833214230950611,0.09684614961766688,0.018046180863960006,0.006039503415393429,0.8790681661029797,0.024085684279353432
2021-04-21,20210421102027,4.45,758820,Toutes éditions,758820,0,Valide : total = en-tête,https://web.archive.org/web/20210421102027id_/https://www.goodreads.com/book/show/15241.The_Two_Towers,454825,212607,72190,13925,5273,0.5993845707809494,0.28018107060963077,0.09513455101341557,0.0183508605466382,0.006948947049366121,0.8795656413905801,0.025299807596004323
2022-06-25,20220625171126,4.46,827602,Toutes éditions,827602,0,Valide : total = en-tête,https://web.archive.org/web/20220625171126id_/https://www.goodreads.com/book/show/15241.The_Two_Towers,502971,228601,76471,14350,5209,0.6077450271990643,0.2762209371171167,0.09240069502007003,0.01733925244259922,0.00629408822114978,0.883965964316181,0.023633340663749
2023-05-31,20230531014958,4.47,895150,Œuvre,895150,0,Valide : total = en-tête,https://web.archive.org/web/20230531014958id_/http://www.goodreads.com/book/show/15241.The_Two_Towers,549837,244778,80442,14854,5239,0.6142400714963973,0.2734491426017986,0.08986426855834218,0.016593866949673238,0.005852650393788751,0.8876892140981958,0.02244651734346199
2024-09-29,20240929032539,4.49,1008272,Œuvre,1008272,0,Valide : total = en-tête,https://web.archive.org/web/20240929032539id_/https://www.goodreads.com/book/show/15241.The_Two_Towers,627202,272165,87510,15824,5571,0.6220563498738436,0.26993212149102624,0.08679205611184283,0.015694177761556405,0.005525294761730961,0.8919884713648698,0.021219472523287368
2025-03-29,20250329200002,4.49,1057695,Œuvre,1057695,0,Valide : total = en-tête,https://web.archive.org/web/20250329200002id_/https://www.goodreads.com/book/show/15241.The_Two_Towers,662223,283451,90156,16178,5687,0.6261001517450683,0.26798935420891656,0.08523818303007956,0.015295524702300757,0.005376786313634838,0.8940895059539848,0.020672311015935595
2025-11-15,20251115000753,4.5,1107208,Œuvre,1107208,0,Valide : total = en-tête,https://web.archive.org/web/20251115000753id_/https://www.goodreads.com/book/show/15241.The_Two_Towers,696690,295295,92837,16583,5803,0.6292313639352317,0.2667023720926872,0.08384784069479266,0.014977312302656772,0.005241110974631686,0.8959337360279189,0.02021842327728846
2026-09-22,current,4.51,1181579,Œuvre,1181579,0,Valide : total = en-tête,https://www.goodreads.com/book/show/15241.The_Two_Towers,749169,312600,96777,17085,5948,0.6340405508222472,0.2645612354315708,0.08190480704210214,0.014459464834767713,0.005033941869312166,0.898601786253818,0.01949340670407988
