série,T1_gr,T1_n,T2_gr,T2_n,T3_gr,T3_n,moyenne_simple,moyenne_pondérée,note_mal,source_note
Build King,3.23,39.0,3.19,21.0,3.06,17.0,3.16,3.18,4.82,"Viz digital vol.1 26/07/2022, vol.3 26/07/2022"
Bone Collection,2.81,52.0,2.68,34.0,,,2.75,2.76,5.03,Bone Collection Vol.1 28/09/2021; éditeur VIZ Media
Do Retry,2.78,18.0,2.46,13.0,,,2.62,2.65,5.08,Viz digital 24/12/2024
Mamore! Shugomaru,2.17,18.0,2.15,13.0,1.75,12.0,2.02,2.05,4.67,
Bokura no Ketsumei,3.33,70.0,3.36,42.0,,,3.34,3.34,4.92,titre anglais Our Blood Oath
Majo no Moribito,3.25,52.0,3.11,35.0,2.69,36.0,3.02,3.05,5.11,titre anglais Guardian of the Witch
Ice-Head Gill,3.0,3.0,,,,,3.0,3.0,5.11,Viz digital 25/02/2025
Ichigooki! Soujuuchuu,2.38,21.0,2.67,12.0,,,2.52,2.49,5.07,titre anglais Ichigoki's Under Control!!
Ekiden Bros,,,,,,,,,5.01,"Pas de fiche livre pour le moment. T1 sorti 04/11/2025, T2 en attente."
Nice Prison,,,,,,,,,4.31,"Vol.1 sorti 04/09/2025, Vol.2 04/11/2025 — pas encore de notes Goodreads exploitables. MangaDex page existe (id 55c3b82c-...)."
Gonron Egg,,,,,,,,,4.59,En cours ; pas de volume relié publié.
