series,tome,n_ch,rank_mean,rank_median,normalized_mean,bottom_quarter_share
Build King,1,7,9.71,9.0,0.468,0.14
Build King,2,10,19.8,19.5,0.971,1.0
Build King,3,1,20.0,20.0,0.952,1.0
Nice Prison,1,7,11.29,12.0,0.569,0.14
Nice Prison,2,8,18.25,19.5,0.908,0.75
Nice Prison,3,2,21.0,21.0,1.0,1.0
Gonron Egg,1,7,11.57,12.0,0.576,0.14
Gonron Egg,2,7,20.0,20.0,0.985,1.0
Gonron Egg,3,5,20.0,20.0,0.971,1.0
Mamore! Shugomaru,1,7,10.57,12.0,0.505,0.0
Mamore! Shugomaru,2,7,20.43,21.0,0.966,1.0
Mamore! Shugomaru,3,9,19.89,20.0,0.952,0.89
Bokura no Ketsumei,1,9,13.67,13.0,0.699,0.33
Bokura no Ketsumei,2,7,20.57,21.0,0.966,1.0
Ekiden Bros,1,9,13.78,12.0,0.672,0.44
Ekiden Bros,2,6,20.17,20.0,0.992,1.0
Bone Collection,1,7,8.43,8.0,0.427,0.0
Bone Collection,2,6,20.17,20.0,0.945,1.0
Ichigooki! Soujuuchuu,1,9,11.0,10.0,0.521,0.33
Ichigooki! Soujuuchuu,2,8,16.25,16.0,0.843,0.75
Do Retry,1,9,14.44,17.0,0.715,0.56
Do Retry,2,8,19.38,19.0,0.962,1.0
Ice-Head Gill,1,10,14.5,16.5,0.72,0.5
Ice-Head Gill,2,8,19.38,19.5,0.981,1.0
Majo no Moribito,1,7,11.14,12.0,0.568,0.14
Majo no Moribito,2,7,19.29,19.0,0.963,1.0
Majo no Moribito,3,3,19.0,18.0,0.965,1.0
