id,title,volumes,chapters,score,members,verdict,reason,url
132845,Nige Jouzu no Wakagimi,27,238,6.73,16359,Non — fin planifiée,"The Elusive Samurai a mené son récit historique sur 238 chapitres ; fin annoncée à l’avance, prix et succès commercial.",https://myanimelist.net/manga/132845/Nige_Jouzu_no_Wakagimi
157875,Kill Ao,13,115,6.63,11099,Probable — axe tardif,Fin accélérée à 115 chapitres et fils laissés ouverts ; aucune déclaration publique irréfutable de Shueisha.,https://myanimelist.net/manga/157875/Kill_Ao
129671,Koukousei Kazoku,11,125,6.72,4716,Oui — axe tardif rapporté,Fin soudaine sans arc final annoncé ; chapitres bonus nécessaires dans le dernier volume.,https://myanimelist.net/manga/129671/Koukousei_Kazoku
171196,Himaten!,11,96,6.9,17981,Non — confirmé par l’auteur,Genki Ono a indiqué dans le dernier volume avoir visé environ dix volumes sans étirer le récit.,https://myanimelist.net/manga/171196/Himaten
127693,Hakaishin Magu-chan,9,78,6.84,6387,Indéterminé,"Fin très cohérente et épilogue accordé, mais faibles ventes/placements : axe avec préavis ou choix d’auteur restent possibles.",https://myanimelist.net/manga/127693/Hakaishin_Magu-chan
140199,PPPPPP,8,70,6.6,9271,Oui — axe rapporté,Fin abrupte au chapitre 70 en plein développement ; largement documentée comme annulation.,https://myanimelist.net/manga/140199/PPPPPP
167174,Choujun! Choujou-senpai,8,69,6.35,2852,Oui — axe rapporté,Fin abrupte après 69 chapitres ; sources ultérieures et contexte éditorial la décrivent comme annulation.,https://myanimelist.net/manga/167174/Choujun_Choujou-senpai
102056,Spring Weapon Number One,7,69,6.54,433,Probable — axe éditorial,Longévité intermédiaire mais insuffisante pour une conclusion pleinement planifiée ; fin associée à des performances modestes.,https://myanimelist.net/manga/102056/Spring_Weapon_Number_One
103898,Robot x Laserbeam,7,62,6.62,9514,Oui — axe rapporté,Fin prématurée au chapitre 62 alors que des objectifs narratifs restaient ouverts.,https://myanimelist.net/manga/103898/Robot_x_Laserbeam
123188,Agravity Boys,7,59,6.64,5691,Oui — axe rapporté,Fin WSJ au chapitre 50 puis arc conclusif déplacé dans Jump GIGA.,https://myanimelist.net/manga/123188/Agravity_Boys
153261,Angou Gakuen no Iroha,7,59,6.5,7096,Probable — axe tardif,"Fin rapide après 58 chapitres, faible adéquation au public et ventes/ToC modestes ; conclusion néanmoins travaillée.",https://myanimelist.net/manga/153261/Angou_Gakuen_no_Iroha
168998,Negai no Astro,6,51,5.65,5406,Oui — axe rapporté,Astro Royale s’arrête après 50 chapitres et un épilogue ajouté au dernier volume.,https://myanimelist.net/manga/168998/Negai_no_Astro
153422,Ichinose-ke no Taizai,6,50,6.68,23663,Indéterminé — fin possiblement accélérée,"Conclusion annoncée comme climax et structure fermée, mais baisse de réception et soupçons d’intervention éditoriale.",https://myanimelist.net/manga/153422/Ichinose-ke_no_Taizai
121550,Mitama Security,5,50,6.26,2488,Oui — axe très probable,"Fin courte ou abrupte en 4–5 volumes, généralement lors d’un renouvellement de la grille.",https://myanimelist.net/manga/121550/Mitama_Security
127836,Shakunetsu no Nirai Kanai,5,47,6.52,6740,Oui — axe très probable,"Fin courte ou abrupte en 4–5 volumes, généralement lors d’un renouvellement de la grille.",https://myanimelist.net/manga/127836/Shakunetsu_no_Nirai_Kanai
92834,Mononofu,5,43,6.88,2270,Oui — axe très probable,"Fin courte ou abrupte en 4–5 volumes, généralement lors d’un renouvellement de la grille.",https://myanimelist.net/manga/92834/Mononofu
117133,Samurai 8: Hachimaru Den,5,43,5.7,16481,Oui — axe rapporté,Samurai 8 est couramment documenté comme annulé après 43 chapitres.,https://myanimelist.net/manga/117133/Samurai_8__Hachimaru_Den
86040,Kagamigami,5,41,6.6,3567,Oui — axe très probable,"Fin courte ou abrupte en 4–5 volumes, généralement lors d’un renouvellement de la grille.",https://myanimelist.net/manga/86040/Kagamigami
153977,Jinzou Ningen 100,5,40,6.28,5681,Oui — axe très probable,"Fin courte ou abrupte en 4–5 volumes, généralement lors d’un renouvellement de la grille.",https://myanimelist.net/manga/153977/Jinzou_Ningen_100
142180,Dorondororon,5,39,5.88,11288,Oui — axe très probable,"Fin courte ou abrupte en 4–5 volumes, généralement lors d’un renouvellement de la grille.",https://myanimelist.net/manga/142180/Dorondororon
125850,Shinrin Ouja Moriking,4,38,5.7,3821,Oui — axe très probable,"Fin courte ou abrupte en 4–5 volumes, généralement lors d’un renouvellement de la grille.",https://myanimelist.net/manga/125850/Shinrin_Ouja_Moriking
118839,Kamio Yui wa Kami wo Yui,4,36,5.83,1977,Oui — axe très probable,"Fin courte ou abrupte en 4–5 volumes, généralement lors d’un renouvellement de la grille.",https://myanimelist.net/manga/118839/Kamio_Yui_wa_Kami_wo_Yui
181804,Tomoshibi no Otr,4,35,6.26,5721,Oui — axe très probable,"Fin courte ou abrupte en 4–5 volumes, généralement lors d’un renouvellement de la grille.",https://myanimelist.net/manga/181804/Tomoshibi_no_Otr
162478,Mama Yuuyuu,4,34,6.37,6317,Oui — axe très probable,"Fin courte ou abrupte en 4–5 volumes, généralement lors d’un renouvellement de la grille.",https://myanimelist.net/manga/162478/Mama_Yuuyuu
159722,Asumi Kakeru,4,33,6.68,3950,Oui — axe très probable,"Fin courte ou abrupte en 4–5 volumes, généralement lors d’un renouvellement de la grille.",https://myanimelist.net/manga/159722/Asumi_Kakeru
103902,Harapeko no Marie,4,33,6.39,9339,Oui — axe très probable,"Fin courte ou abrupte en 4–5 volumes, généralement lors d’un renouvellement de la grille.",https://myanimelist.net/manga/103902/Harapeko_no_Marie
176275,Syd Craft no Saishuu Suiri,4,33,6.29,2787,Oui — axe très probable,"Fin courte ou abrupte en 4–5 volumes, généralement lors d’un renouvellement de la grille.",https://myanimelist.net/manga/176275/Syd_Craft_no_Saishuu_Suiri
107480,Cross Account,4,32,6.65,10065,Oui — axe très probable,"Fin courte ou abrupte en 4–5 volumes, généralement lors d’un renouvellement de la grille.",https://myanimelist.net/manga/107480/Cross_Account
182876,Harukaze Mound,4,32,6.35,2000,Oui — axe très probable,"Fin courte ou abrupte en 4–5 volumes, généralement lors d’un renouvellement de la grille.",https://myanimelist.net/manga/182876/Harukaze_Mound
129547,Honomieru Shounen,4,32,6.67,16134,Oui — axe très probable,"Fin courte ou abrupte en 4–5 volumes, généralement lors d’un renouvellement de la grille.",https://myanimelist.net/manga/129547/Honomieru_Shounen
66809,Illegal Rare,4,32,6.81,5141,Oui — axe très probable,"Fin courte ou abrupte en 4–5 volumes, généralement lors d’un renouvellement de la grille.",https://myanimelist.net/manga/66809/Illegal_Rare
107479,Shuudan!,4,32,6.83,3571,Oui — axe très probable,"Fin courte ou abrupte en 4–5 volumes, généralement lors d’un renouvellement de la grille.",https://myanimelist.net/manga/107479/Shuudan
163052,Two on Ice,4,31,6.34,2503,Oui — axe très probable,"Fin courte ou abrupte en 4–5 volumes, généralement lors d’un renouvellement de la grille.",https://myanimelist.net/manga/163052/Two_on_Ice
48803,Koisuru Edison,3,40,5.98,455,Oui — axe quasi certain,"Sérialisation régulière interrompue en 10–30 chapitres / 1–3 volumes, profil U19 classique.",https://myanimelist.net/manga/48803/Koisuru_Edison
142030,Mamore! Shugomaru,3,29,4.67,1891,Oui — axe quasi certain,"Sérialisation régulière interrompue en 10–30 chapitres / 1–3 volumes, profil U19 classique.",https://myanimelist.net/manga/142030/Mamore_Shugomaru
119960,Futari no Taisei,3,28,5.76,1650,Oui — axe quasi certain,"Sérialisation régulière interrompue en 10–30 chapitres / 1–3 volumes, profil U19 classique.",https://myanimelist.net/manga/119960/Futari_no_Taisei
120062,Beast Children,3,27,5.93,2079,Oui — axe quasi certain,"Sérialisation régulière interrompue en 10–30 chapitres / 1–3 volumes, profil U19 classique.",https://myanimelist.net/manga/120062/Beast_Children
144308,Chikyuu no Ko,3,27,5.2,7026,Oui — axe quasi certain,"Sérialisation régulière interrompue en 10–30 chapitres / 1–3 volumes, profil U19 classique.",https://myanimelist.net/manga/144308/Chikyuu_no_Ko
120176,Tokyo Shinobi Squad,3,27,6.04,6109,Oui — axe quasi certain,"Sérialisation régulière interrompue en 10–30 chapitres / 1–3 volumes, profil U19 classique.",https://myanimelist.net/manga/120176/Tokyo_Shinobi_Squad
35075,Pajama na Kanojo.,3,26,6.8,7479,Oui — axe quasi certain,"Sérialisation régulière interrompue en 10–30 chapitres / 1–3 volumes, profil U19 classique.",https://myanimelist.net/manga/35075/Pajama_na_Kanojo
141583,Ayashimon,3,25,6.56,37278,Oui — axe quasi certain,"Sérialisation régulière interrompue en 10–30 chapitres / 1–3 volumes, profil U19 classique.",https://myanimelist.net/manga/141583/Ayashimon
130977,Build King,3,25,4.82,3307,Oui — axe quasi certain,"Sérialisation régulière interrompue en 10–30 chapitres / 1–3 volumes, profil U19 classique.",https://myanimelist.net/manga/130977/Build_King
188537,JK Yuusha to Inkyo Maou,3,25,6.14,1582,Oui — axe quasi certain,"Sérialisation régulière interrompue en 10–30 chapitres / 1–3 volumes, profil U19 classique.",https://myanimelist.net/manga/188537/JK_Yuusha_to_Inkyo_Maou
45509,Shinmai Fukei Kiruko-san,3,25,6.52,3479,Oui — axe quasi certain,"Sérialisation régulière interrompue en 10–30 chapitres / 1–3 volumes, profil U19 classique.",https://myanimelist.net/manga/45509/Shinmai_Fukei_Kiruko-san
82197,Gakkyuu Houtei,3,24,6.58,4562,Oui — axe quasi certain,"Sérialisation régulière interrompue en 10–30 chapitres / 1–3 volumes, profil U19 classique.",https://myanimelist.net/manga/82197/Gakkyuu_Houtei
188228,Gonron Egg,3,24,4.59,1703,Oui — axe quasi certain,"Sérialisation régulière interrompue en 10–30 chapitres / 1–3 volumes, profil U19 classique.",https://myanimelist.net/manga/188228/Gonron_Egg
45221,Hungry Joker,3,24,6.6,9887,Oui — axe quasi certain,"Sérialisation régulière interrompue en 10–30 chapitres / 1–3 volumes, profil U19 classique.",https://myanimelist.net/manga/45221/Hungry_Joker
116975,Ne0;lation,3,24,6.0,2219,Oui — axe quasi certain,"Sérialisation régulière interrompue en 10–30 chapitres / 1–3 volumes, profil U19 classique.",https://myanimelist.net/manga/116975/Ne0_lation
118662,Saigo no Saiyuuki,3,24,6.42,2147,Oui — axe quasi certain,"Sérialisation régulière interrompue en 10–30 chapitres / 1–3 volumes, profil U19 classique.",https://myanimelist.net/manga/118662/Saigo_no_Saiyuuki
146706,Sugoi Smartphone,3,24,5.68,5410,Oui — axe quasi certain,"Sérialisation régulière interrompue en 10–30 chapitres / 1–3 volumes, profil U19 classique.",https://myanimelist.net/manga/146706/Sugoi_Smartphone
133306,i tell c,3,24,5.33,5450,Oui — axe quasi certain,"Sérialisation régulière interrompue en 10–30 chapitres / 1–3 volumes, profil U19 classique.",https://myanimelist.net/manga/133306/i_tell_c
22752,Light Wing,3,23,6.29,811,Oui — axe quasi certain,"Sérialisation régulière interrompue en 10–30 chapitres / 1–3 volumes, profil U19 classique.",https://myanimelist.net/manga/22752/Light_Wing
76341,Mitsukubi Condor,3,23,6.58,885,Oui — axe quasi certain,"Sérialisation régulière interrompue en 10–30 chapitres / 1–3 volumes, profil U19 classique.",https://myanimelist.net/manga/76341/Mitsukubi_Condor
113226,Noah's Notes,3,23,6.47,4284,Oui — axe quasi certain,"Sérialisation régulière interrompue en 10–30 chapitres / 1–3 volumes, profil U19 classique.",https://myanimelist.net/manga/113226/Noahs_Notes
137812,Red Hood,3,23,6.41,21360,Oui — axe quasi certain,"Sérialisation régulière interrompue en 10–30 chapitres / 1–3 volumes, profil U19 classique.",https://myanimelist.net/manga/137812/Red_Hood
114661,Sougou Jikan Jigyougaisha Daihyou Torishimariyaku Shachou Senzoku Hisho Tanaka Seiji,3,23,6.22,528,Oui — axe quasi certain,"Sérialisation régulière interrompue en 10–30 chapitres / 1–3 volumes, profil U19 classique.",https://myanimelist.net/manga/114661/Sougou_Jikan_Jigyougaisha_Daihyou_Torishimariyaku_Shachou_Senzoku_Hisho_Tanaka_Seiji
188406,Tonari no Osoegawa,3,23,6.03,2120,Oui — axe quasi certain,"Sérialisation régulière interrompue en 10–30 chapitres / 1–3 volumes, profil U19 classique.",https://myanimelist.net/manga/188406/Tonari_no_Osoegawa
67139,iShoujo,3,23,6.73,2419,Oui — axe quasi certain,"Sérialisation régulière interrompue en 10–30 chapitres / 1–3 volumes, profil U19 classique.",https://myanimelist.net/manga/67139/iShoujo
114659,Alice to Taiyou,3,22,6.19,863,Oui — axe quasi certain,"Sérialisation régulière interrompue en 10–30 chapitres / 1–3 volumes, profil U19 classique.",https://myanimelist.net/manga/114659/Alice_to_Taiyou
135801,Ame no Furu,3,22,5.85,8219,Oui — axe quasi certain,"Sérialisation régulière interrompue en 10–30 chapitres / 1–3 volumes, profil U19 classique.",https://myanimelist.net/manga/135801/Ame_no_Furu
178700,B no Seisen,3,22,5.79,1691,Oui — axe quasi certain,"Sérialisation régulière interrompue en 10–30 chapitres / 1–3 volumes, profil U19 classique.",https://myanimelist.net/manga/178700/B_no_Seisen
117054,Gokutei Higuma,3,22,6.51,4012,Oui — axe quasi certain,"Sérialisation régulière interrompue en 10–30 chapitres / 1–3 volumes, profil U19 classique.",https://myanimelist.net/manga/117054/Gokutei_Higuma
133854,Kowloons' Ball Parade,3,22,5.88,2755,Oui — axe quasi certain,"Sérialisation régulière interrompue en 10–30 chapitres / 1–3 volumes, profil U19 classique.",https://myanimelist.net/manga/133854/Kowloons_Ball_Parade
124214,Majo no Moribito,3,22,5.11,4172,Oui — axe quasi certain,"Sérialisation régulière interrompue en 10–30 chapitres / 1–3 volumes, profil U19 classique.",https://myanimelist.net/manga/124214/Majo_no_Moribito
138268,Neru: Bugei Dogyou,3,22,6.04,5404,Oui — axe quasi certain,"Sérialisation régulière interrompue en 10–30 chapitres / 1–3 volumes, profil U19 classique.",https://myanimelist.net/manga/138268/Neru__Bugei_Dogyou
80189,Sporting Salt: Shioya no Kaibougaku,3,22,6.22,1090,Oui — axe quasi certain,"Sérialisation régulière interrompue en 10–30 chapitres / 1–3 volumes, profil U19 classique.",https://myanimelist.net/manga/80189/Sporting_Salt__Shioya_no_Kaibougaku
20678,Swot,3,22,6.58,8647,Oui — axe quasi certain,"Sérialisation régulière interrompue en 10–30 chapitres / 1–3 volumes, profil U19 classique.",https://myanimelist.net/manga/20678/Swot
98723,Takuan to Batsu no Nichijou Enmachou,3,22,6.01,558,Oui — axe quasi certain,"Sérialisation régulière interrompue en 10–30 chapitres / 1–3 volumes, profil U19 classique.",https://myanimelist.net/manga/98723/Takuan_to_Batsu_no_Nichijou_Enmachou
147242,Aliens Area,3,21,5.73,6480,Oui — axe quasi certain,"Sérialisation régulière interrompue en 10–30 chapitres / 1–3 volumes, profil U19 classique.",https://myanimelist.net/manga/147242/Aliens_Area
91060,Best Blue,3,21,6.16,1189,Oui — axe quasi certain,"Sérialisation régulière interrompue en 10–30 chapitres / 1–3 volumes, profil U19 classique.",https://myanimelist.net/manga/91060/Best_Blue
79917,Hi-Fi Cluster,3,21,6.03,1870,Oui — axe quasi certain,"Sérialisation régulière interrompue en 10–30 chapitres / 1–3 volumes, profil U19 classique.",https://myanimelist.net/manga/79917/Hi-Fi_Cluster
101829,Ibitsu no Amalgam,3,21,6.36,4298,Oui — axe quasi certain,"Sérialisation régulière interrompue en 10–30 chapitres / 1–3 volumes, profil U19 classique.",https://myanimelist.net/manga/101829/Ibitsu_no_Amalgam
79819,Judos,3,21,6.35,691,Oui — axe quasi certain,"Sérialisation régulière interrompue en 10–30 chapitres / 1–3 volumes, profil U19 classique.",https://myanimelist.net/manga/79819/Judos
164987,Ruirui Senki,3,21,5.43,3019,Oui — axe quasi certain,"Sérialisation régulière interrompue en 10–30 chapitres / 1–3 volumes, profil U19 classique.",https://myanimelist.net/manga/164987/Ruirui_Senki
66811,Stealth Symphony,3,21,6.59,4294,Oui — axe quasi certain,"Sérialisation régulière interrompue en 10–30 chapitres / 1–3 volumes, profil U19 classique.",https://myanimelist.net/manga/66811/Stealth_Symphony
103900,U19,3,21,5.77,3630,Oui — axe quasi certain,"Sérialisation régulière interrompue en 10–30 chapitres / 1–3 volumes, profil U19 classique.",https://myanimelist.net/manga/103900/U19
86975,Ultra Battle Satellite,3,21,6.67,1194,Oui — axe quasi certain,"Sérialisation régulière interrompue en 10–30 chapitres / 1–3 volumes, profil U19 classique.",https://myanimelist.net/manga/86975/Ultra_Battle_Satellite
110025,Full Drive,3,20,6.01,2731,Oui — axe quasi certain,"Sérialisation régulière interrompue en 10–30 chapitres / 1–3 volumes, profil U19 classique.",https://myanimelist.net/manga/110025/Full_Drive
62967,Iron Knight,3,20,6.72,6600,Oui — axe quasi certain,"Sérialisation régulière interrompue en 10–30 chapitres / 1–3 volumes, profil U19 classique.",https://myanimelist.net/manga/62967/Iron_Knight
19983,Metallica Metalluca,3,20,6.26,3044,Oui — axe quasi certain,"Sérialisation régulière interrompue en 10–30 chapitres / 1–3 volumes, profil U19 classique.",https://myanimelist.net/manga/19983/Metallica_Metalluca
171182,Youkai Buster Murakami,2,24,5.34,1476,Oui — axe quasi certain,"Sérialisation régulière interrompue en 10–30 chapitres / 1–3 volumes, profil U19 classique.",https://myanimelist.net/manga/171182/Youkai_Buster_Murakami
181151,Nice Prison,2,21,4.31,1163,Oui — axe quasi certain,"Sérialisation régulière interrompue en 10–30 chapitres / 1–3 volumes, profil U19 classique.",https://myanimelist.net/manga/181151/Nice_Prison
178401,Embers,2,20,6.09,4213,Oui — axe quasi certain,"Sérialisation régulière interrompue en 10–30 chapitres / 1–3 volumes, profil U19 classique.",https://myanimelist.net/manga/178401/Embers
159919,Ice-Head Gill,2,20,5.11,2126,Oui — axe quasi certain,"Sérialisation régulière interrompue en 10–30 chapitres / 1–3 volumes, profil U19 classique.",https://myanimelist.net/manga/159919/Ice-Head_Gill
158718,Do Retry,2,19,5.08,3026,Oui — axe quasi certain,"Sérialisation régulière interrompue en 10–30 chapitres / 1–3 volumes, profil U19 classique.",https://myanimelist.net/manga/158718/Do_Retry
192519,Natsu to Mushikago,2,19,5.95,1278,Oui — axe quasi certain,"Sérialisation régulière interrompue en 10–30 chapitres / 1–3 volumes, profil U19 classique.",https://myanimelist.net/manga/192519/Natsu_to_Mushikago
129834,Bokura no Ketsumei,2,18,4.92,3540,Oui — axe quasi certain,"Sérialisation régulière interrompue en 10–30 chapitres / 1–3 volumes, profil U19 classique.",https://myanimelist.net/manga/129834/Bokura_no_Ketsumei
174463,Hakutaku,2,18,5.29,1778,Oui — axe quasi certain,"Sérialisation régulière interrompue en 10–30 chapitres / 1–3 volumes, profil U19 classique.",https://myanimelist.net/manga/174463/Hakutaku
168999,Kyokutou Necromance,2,18,5.43,2405,Oui — axe quasi certain,"Sérialisation régulière interrompue en 10–30 chapitres / 1–3 volumes, profil U19 classique.",https://myanimelist.net/manga/168999/Kyokutou_Necromance
167424,Dear Anemone,2,17,5.65,4837,Oui — axe quasi certain,"Sérialisation régulière interrompue en 10–30 chapitres / 1–3 volumes, profil U19 classique.",https://myanimelist.net/manga/167424/Dear_Anemone
24363,Dois Sol,2,17,6.47,525,Oui — axe quasi certain,"Sérialisation régulière interrompue en 10–30 chapitres / 1–3 volumes, profil U19 classique.",https://myanimelist.net/manga/24363/Dois_Sol
183295,Ekiden Bros,2,17,5.01,848,Oui — axe quasi certain,"Sérialisation régulière interrompue en 10–30 chapitres / 1–3 volumes, profil U19 classique.",https://myanimelist.net/manga/183295/Ekiden_Bros
57467,Hime-dol!!,2,17,6.92,3905,Oui — axe quasi certain,"Sérialisation régulière interrompue en 10–30 chapitres / 1–3 volumes, profil U19 classique.",https://myanimelist.net/manga/57467/Hime-dol
183078,Kaedegami,2,17,6.36,3642,Oui — axe quasi certain,"Sérialisation régulière interrompue en 10–30 chapitres / 1–3 volumes, profil U19 classique.",https://myanimelist.net/manga/183078/Kaedegami
183535,Ping Pong,2,17,6.04,1153,Oui — axe quasi certain,"Sérialisation régulière interrompue en 10–30 chapitres / 1–3 volumes, profil U19 classique.",https://myanimelist.net/manga/183535/Ping_Pong
103901,Poro no Ryuugakuki,2,17,6.16,1867,Oui — axe quasi certain,"Sérialisation régulière interrompue en 10–30 chapitres / 1–3 volumes, profil U19 classique.",https://myanimelist.net/manga/103901/Poro_no_Ryuugakuki
169001,Psych Biyori,2,17,6.22,1989,Oui — axe quasi certain,"Sérialisation régulière interrompue en 10–30 chapitres / 1–3 volumes, profil U19 classique.",https://myanimelist.net/manga/169001/Psych_Biyori
24967,Sengoku Armors,2,17,6.32,1251,Oui — axe quasi certain,"Sérialisation régulière interrompue en 10–30 chapitres / 1–3 volumes, profil U19 classique.",https://myanimelist.net/manga/24967/Sengoku_Armors
40167,Takamagahara,2,17,6.29,4200,Oui — axe quasi certain,"Sérialisation régulière interrompue en 10–30 chapitres / 1–3 volumes, profil U19 classique.",https://myanimelist.net/manga/40167/Takamagahara
76987,Yoakemono,2,17,6.5,1405,Oui — axe quasi certain,"Sérialisation régulière interrompue en 10–30 chapitres / 1–3 volumes, profil U19 classique.",https://myanimelist.net/manga/76987/Yoakemono
123078,Zipman!!,2,17,5.32,5437,Oui — axe quasi certain,"Sérialisation régulière interrompue en 10–30 chapitres / 1–3 volumes, profil U19 classique.",https://myanimelist.net/manga/123078/Zipman
191030,Alien Headbutt,2,16,6.15,2891,Oui — axe quasi certain,"Sérialisation régulière interrompue en 10–30 chapitres / 1–3 volumes, profil U19 classique.",https://myanimelist.net/manga/191030/Alien_Headbutt
126254,Bone Collection,2,16,5.03,5365,Oui — axe quasi certain,"Sérialisation régulière interrompue en 10–30 chapitres / 1–3 volumes, profil U19 classique.",https://myanimelist.net/manga/126254/Bone_Collection
88444,Devily-man,2,16,6.41,427,Oui — axe quasi certain,"Sérialisation régulière interrompue en 10–30 chapitres / 1–3 volumes, profil U19 classique.",https://myanimelist.net/manga/88444/Devily-man
110026,Golem Hearts,2,16,5.9,3065,Oui — axe quasi certain,"Sérialisation régulière interrompue en 10–30 chapitres / 1–3 volumes, profil U19 classique.",https://myanimelist.net/manga/110026/Golem_Hearts
88443,Lady Justice,2,16,5.71,1972,Oui — axe quasi certain,"Sérialisation régulière interrompue en 10–30 chapitres / 1–3 volumes, profil U19 classique.",https://myanimelist.net/manga/88443/Lady_Justice
37601,Sensei no Bulge,2,16,6.46,9384,Oui — axe quasi certain,"Sérialisation régulière interrompue en 10–30 chapitres / 1–3 volumes, profil U19 classique.",https://myanimelist.net/manga/37601/Sensei_no_Bulge
51835,Smoky B.B.,2,16,6.27,1148,Oui — axe quasi certain,"Sérialisation régulière interrompue en 10–30 chapitres / 1–3 volumes, profil U19 classique.",https://myanimelist.net/manga/51835/Smoky_BB
111214,Bozebeats,2,15,5.73,3222,Oui — axe quasi certain,"Sérialisation régulière interrompue en 10–30 chapitres / 1–3 volumes, profil U19 classique.",https://myanimelist.net/manga/111214/Bozebeats
100876,Red Sprite,2,15,6.12,4467,Oui — axe quasi certain,"Sérialisation régulière interrompue en 10–30 chapitres / 1–3 volumes, profil U19 classique.",https://myanimelist.net/manga/100876/Red_Sprite
126782,Time Paradox Ghostwriter,2,15,6.3,14227,Oui — axe quasi certain,"Sérialisation régulière interrompue en 10–30 chapitres / 1–3 volumes, profil U19 classique.",https://myanimelist.net/manga/126782/Time_Paradox_Ghostwriter
113117,Ziga,2,15,5.85,1511,Oui — axe quasi certain,"Sérialisation régulière interrompue en 10–30 chapitres / 1–3 volumes, profil U19 classique.",https://myanimelist.net/manga/113117/Ziga
102652,Demon's Plan,2,14,5.39,3003,Oui — axe quasi certain,"Sérialisation régulière interrompue en 10–30 chapitres / 1–3 volumes, profil U19 classique.",https://myanimelist.net/manga/102652/Demons_Plan
100708,Love Rush!,2,14,6.21,4687,Oui — axe quasi certain,"Sérialisation régulière interrompue en 10–30 chapitres / 1–3 volumes, profil U19 classique.",https://myanimelist.net/manga/100708/Love_Rush
102782,Ole Golazo,2,14,6.0,979,Oui — axe quasi certain,"Sérialisation régulière interrompue en 10–30 chapitres / 1–3 volumes, profil U19 classique.",https://myanimelist.net/manga/102782/Ole_Golazo
83097,E→Robot,2,13,5.81,694,Oui — axe quasi certain,"Sérialisation régulière interrompue en 10–30 chapitres / 1–3 volumes, profil U19 classique.",https://myanimelist.net/manga/83097/E→Robot
53567,Mutou Black,2,12,6.12,861,Oui — axe quasi certain,"Sérialisation régulière interrompue en 10–30 chapitres / 1–3 volumes, profil U19 classique.",https://myanimelist.net/manga/53567/Mutou_Black
54627,Ginga Patrol Jaco,1,12,6.98,12440,Non — mini-série planifiée,Jaco est une mini-série d’anniversaire conçue sur onze chapitres.,https://myanimelist.net/manga/54627/Ginga_Patrol_Jaco
94173,Buddy Strike,1,11,6.29,527,Oui — axe manifeste,"Buddy Strike s’arrête après onze chapitres, profil classique d’annulation Jump.",https://myanimelist.net/manga/94173/Buddy_Strike
66813,Tokyo Wonder Boys,1,10,5.55,882,Oui — axe manifeste,"Tokyo Wonder Boys s’arrête après dix chapitres, cas classique de série éliminée immédiatement.",https://myanimelist.net/manga/66813/Tokyo_Wonder_Boys
88354,Oogiri,1,9,6.74,3727,Hors périmètre,Recueil de neuf one-shots de NisiOisiN et plusieurs dessinateurs.,https://myanimelist.net/manga/88354/Oogiri
117328,The ComiQ,1,7,6.43,813,Non — mini-série planifiée,The ComiQ est explicitement présenté comme un manga court de sept chapitres pour les 50 ans du Jump.,https://myanimelist.net/manga/117328/The_ComiQ
140090,Shirai Kaiu x Demizu Posuka Tenpenshuu,1,6,6.81,9319,Hors périmètre,Recueil de six nouvelles de Kaiu Shirai et Posuka Demizu.,https://myanimelist.net/manga/140090/Shirai_Kaiu_x_Demizu_Posuka_Tenpenshuu
20853,Swimming,1,5,6.73,859,Hors périmètre,Recueil de cinq histoires courtes de Teppei Fukushima.,https://myanimelist.net/manga/20853/Swimming
122125,Gotouge Koyoharu Tanpenshuu,1,4,6.61,3518,Hors périmètre,Recueil de nouvelles courtes de Koyoharu Gotouge.,https://myanimelist.net/manga/122125/Gotouge_Koyoharu_Tanpenshuu
150042,One Piece 1000-wa Kinen! Tokubetsu Bangai-hen,,19,6.54,847,Hors périmètre,"Projet collectif commémoratif One Piece, pas une série soumise à survie.",https://myanimelist.net/manga/150042/One_Piece_1000-wa_Kinen_Tokubetsu_Bangai-hen
132970,Bunkiten,,7,5.99,814,Indéterminé — format court,"Série de sept chapitres ; la brièveté suggère un format court ou une interruption, sans preuve décisive.",https://myanimelist.net/manga/132970/Bunkiten
124608,Harakiri Gomen,,4,6.46,394,Indéterminé — format court,Quatre chapitres seulement ; pas de preuve publique suffisante d’un axe classique.,https://myanimelist.net/manga/124608/Harakiri_Gomen
94542,Moromono no Jijou,,3,6.45,496,Indéterminé — format court,Trois chapitres seulement ; base insuffisante pour distinguer essai court et interruption.,https://myanimelist.net/manga/94542/Moromono_no_Jijou
98225,Yu☆Gi☆Oh!: Transcend Game,,2,6.62,2548,Hors périmètre,Récit promotionnel Yu-Gi-Oh! en deux chapitres.,https://myanimelist.net/manga/98225/Yu☆Gi☆Oh__Transcend_Game
