axe,proposition,appui,sources,objection,limite
Découverte,Le prototype et sa circulation précèdent certaines attentes,Chemins déclarés et comparaisons explicites,h3835rv;h38e321;h38ruwi;message63633942,h38ydzf préfère la version sérialisée ; certains préfèrent le prototype,Pas de part de recrutement mesurée ni effet chiffré du concours
Découverte,La recommandation extérieure constitue aussi un canal,Un lecteur cite Forneverworld,h3jz7sq,"Un cas, pas une campagne reconstituée",Ne pas confondre canal d’exposition et qualité du contenu
Attentes,La morale de la chasse divise dès le lancement,Éloge et reproche sur prédation et cruauté,h38z0hb;message63636017;h7bt1qe,"Lectures et valeurs différentes, pas contrat unique",Pas intention morale de l’auteur vérifiée
Chapitre5,Une même fin de prologue peut être efficace ou tardive,Désaccord explicite sur les cinq chapitres,h7bnbi8;h7buoqw;message64004421,Les avis favorables n’effacent pas les réserves,Pas verdict majoritaire mesuré
Abandon,Au moins deux arrêts réalisés sont déclarés dans le fil15,Déclarations personnelles,hh18t9b;hhjxi1q,hgzpxpx déclare poursuivre et acheter,Pas taux d’abandon ni comportement hors plateforme vérifié
Communauté,La peur de l’annulation structure aussi la discussion,Plaintes sur le fatalisme et intentions de lecture future,hgztjz6;hh0xscd;hh03xpc,Les pronostics ne prouvent pas les décisions internes,Effet causal des conversations sur la rétention non mesuré
Chapitre15,Le méta peut perdre un lecteur qui aimait l’examen,Contre-exemple explicite,hh02cin;message64680956,hh0udwf déclare au contraire être raccroché,Ne pas universaliser l’effet des révélations
Goodreads,L’histoire peut retenir malgré le dessin,Même compte Jen aux tomes1et2,GRR5256209412;GRR5323212620,Parcours différent de ceux venus pour le dessin,"Un cas, lecture après sérialisation"
Goodreads,Le volume noté inclut parfois bonus ou avis sur toute la série,Objets de jugement explicitement décrits,GRR5651632418;GRR5390181024;GRR4545043969,Les bonus sont appréciés et critiqués,Ne pas réaffecter les moyennes aux seuls chapitres de la série
Attraction,Le design peut déclencher un essai,Déclarations personnelles explicites,h383zye;h3mywox,h39tfiz;hbq6s9n,Pas de fréquence des motifs d’entrée dans tout le lectorat
Attraction,"Monde, contes et chasse suscitent une attente de découverte",Attentes et appréciations explicites,h4234i6;h8alwy9;h8b3f9b;hjpjy0x;h4tmu0v,Attentes diverses selon le lecteur,Une appréciation au chapitre6 ou un bilan final n’est pas automatiquement un motif initial
Attachement,La relation et la compétence soutiennent le plaisir,Appréciations du duo et de la logique,h4tr1rt;h5nk0w1;hbpalxz,h4tq4ts;hisofpy,Des qualités présentes peuvent ne pas suffire à tous
Fragilisation,L’examen peut différer les plaisirs attendus,Critiques et souhaits déclarés,h7cpk1n;hff0bep;message64638445;JPTW,hbp5svd;hckkfrn;JP14,Pas de rupture uniforme ni de taux d’abandon mesuré
Fragilisation,La mise en scène peut freiner la compréhension,Critiques précoces et contextualisées,h4ttves;message63798124;hecuktv,h5na0hm,Pas une mesure objective de la qualité de chaque scène
Fragilisation,Le casting ne crée pas automatiquement les liens attendus,Critiques relationnelles,hisofpy;hff0bep;iafqnu8,hee9tmi;hbpalxz,"Hypothèse explicative, pas causalité isolée"
Fin,Une révélation peut réhabiliter sans effacer la frustration passée,Témoignages de relecture et appréciations mixtes,JPLAB;message64737510,hhw0tax,Intentions d’auteur non établies
Mesure,"Discussion, notes et TOC doivent rester distincts",Séries quantitatives de définitions différentes,MALH;GR1;GR2;GR3;TOC,Aucune de ces mesures ne remplace un suivi de lecteurs,"Ni rétention calculable par ratios de notateurs, ni causalité éditoriale"
