serie,chapitre,id_fil,titre_archive,score_archive,capture_UTC,champ_date_capture,publication_UTC,commentaires_7j_du_fil,comptes_7j_du_fil,champ_ups_archive_NON_votes_bruts,upvote_ratio_archive,source_brute,lien_fil,precision
Red Hood,1,o8zuzr,[DISC] The Hunters Guild: Red Hood Chapter 1,4132,2021-07-20 09:48:25 UTC,retrieved_utc,2021-06-27 16:00:10 UTC,476,313,4132,0.9900000095367432,raw/posts_by_id.json,https://www.reddit.com/r/manga/comments/o8zuzr/,
Red Hood,2,odnapk,[DISC] The Hunters Guild: Red Hood - Chapter 2,2743,2022-06-26 04:29:17 UTC,retrieved_on,2021-07-04 16:00:03 UTC,315,164,2743,0.9900000095367432,raw/posts_by_id.json,https://www.reddit.com/r/manga/comments/odnapk/,
Red Hood,3,oi72u7,[DISC] The Hunters Guild: Red Hood - Chapter 3,2308,2022-06-26 02:47:22 UTC,retrieved_on,2021-07-11 16:00:07 UTC,185,113,2308,0.9900000095367432,raw/posts_by_id.json,https://www.reddit.com/r/manga/comments/oi72u7/,
Red Hood,4,omtbc3,[DISC] The Hunters Guild: Red Hood - Chapter 4,2230,2022-06-26 01:08:38 UTC,retrieved_on,2021-07-18 16:01:02 UTC,215,132,2230,0.9900000095367432,raw/posts_by_id.json,https://www.reddit.com/r/manga/comments/omtbc3/,
Red Hood,5,ovtmzb,[DISC] The Hunters Guild: Red Hood - Chapter 5,2118,2022-06-25 21:30:38 UTC,retrieved_on,2021-08-01 15:00:08 UTC,240,137,2118,0.9900000095367432,raw/posts_by_id.json,https://www.reddit.com/r/manga/comments/ovtmzb/,
Red Hood,6,p136ai,[DISC] The Hunters Guild: Red Hood - Chapter 6,2160,2022-06-25 19:31:45 UTC,retrieved_on,2021-08-09 15:01:05 UTC,219,142,2160,0.9900000095367432,raw/posts_by_id.json,https://www.reddit.com/r/manga/comments/p136ai/,
Red Hood,7,p9e0zm,[DISC] The Hunters Guild: Red Hood - Chapter 7,2439,2022-06-25 16:26:51 UTC,retrieved_on,2021-08-22 15:04:48 UTC,320,178,2439,0.9900000095367432,raw/posts_by_id.json,https://www.reddit.com/r/manga/comments/p9e0zm/,
Red Hood,8,pdwtcl,[DISC] The Hunters Guild: Red Hood - Chapter 8,2078,2022-06-25 14:43:39 UTC,retrieved_on,2021-08-29 15:00:51 UTC,196,137,2078,0.9900000095367432,raw/posts_by_id.json,https://www.reddit.com/r/manga/comments/pdwtcl/,
Red Hood,9,pif8la,[DISC] The Hunters Guild: Red Hood - Chapter 9,2178,2022-06-25 13:01:19 UTC,retrieved_on,2021-09-05 15:34:45 UTC,181,108,2178,0.9900000095367432,raw/posts_by_id.json,https://www.reddit.com/r/manga/comments/pif8la/,
Red Hood,10,pmu90y,[DISC] The Hunters Guild: Red Hood - Chapter 10,2114,2022-06-25 11:25:24 UTC,retrieved_on,2021-09-12 15:01:05 UTC,227,118,2114,0.9800000190734863,raw/posts_by_id.json,https://www.reddit.com/r/manga/comments/pmu90y/,
Red Hood,11,pq1v86,[DISC] The Hunters Guild: Red Hood - Chapter 11,1898,2022-06-25 10:19:10 UTC,retrieved_on,2021-09-17 15:03:07 UTC,126,100,1898,0.9900000095367432,raw/posts_by_id.json,https://www.reddit.com/r/manga/comments/pq1v86/,
Red Hood,12,pvvihe,[DISC] The Hunters Guild: Red Hood - Chapter 12,1945,2022-06-25 07:44:16 UTC,retrieved_on,2021-09-26 15:01:05 UTC,149,106,1945,0.9900000095367432,raw/posts_by_id.json,https://www.reddit.com/r/manga/comments/pvvihe/,
Red Hood,13,q0jgcz,[DISC] The Hunters Guild: Red Hood - Chapter 13,1800,2022-06-25 05:47:10 UTC,retrieved_on,2021-10-03 15:00:56 UTC,139,94,1800,0.9900000095367432,raw/posts_by_id.json,https://www.reddit.com/r/manga/comments/q0jgcz/,
Red Hood,14,q59pnz,[DISC] The Hunters Guild: Red Hood - Chapter 14,1924,2022-06-25 04:11:36 UTC,retrieved_on,2021-10-10 15:02:39 UTC,136,96,1924,0.9900000095367432,raw/posts_by_id.json,https://www.reddit.com/r/manga/comments/q59pnz/,
Red Hood,15,qa0ep0,[DISC] The Hunters Guild: Red Hood - Chapter 15,2222,2022-06-25 02:34:03 UTC,retrieved_on,2021-10-17 15:01:02 UTC,398,242,2222,0.9900000095367432,raw/etape2_posts.json,https://www.reddit.com/r/manga/comments/qa0ep0/,
Red Hood,16,qetv1k,[DISC] The Hunters Guild: Red Hood - Chapter 16,1904,2022-06-25 00:55:53 UTC,retrieved_on,2021-10-24 15:01:23 UTC,425,235,1904,0.9900000095367432,raw/posts_by_id.json,https://www.reddit.com/r/manga/comments/qetv1k/,
Red Hood,17,qjraip,[DISC] The Hunters Guild: Red Hood - Chapter 17,1920,2022-06-24 23:14:35 UTC,retrieved_on,2021-10-31 15:01:04 UTC,324,210,1920,0.9800000190734863,raw/posts_by_id.json,https://www.reddit.com/r/manga/comments/qjraip/,
Red Hood,18,qoq9a5,[DISC] The Hunters Guild: Red Hood - Chapter 18,1951,2022-06-24 21:30:01 UTC,retrieved_on,2021-11-07 15:01:02 UTC,362,230,1951,0.9800000190734863,raw/posts_by_id.json,https://www.reddit.com/r/manga/comments/qoq9a5/,
Ayashimon,Annonce,qrwu5n,Ayashimon by Yuji Kaku starts this Sunday in Shonen Jump: “A scrappy manga fan punches his way into the yakuza spirit world.”,548,2022-06-24 20:21:55 UTC,retrieved_on,2021-11-11 22:32:07 UTC,31,31,548,0.9700000286102295,etape4/posts.json,https://www.reddit.com/r/manga/comments/qrwu5n/,Annonce exclue des courbes par chapitre.
Ayashimon,1,qtrjbv,[Manga+] Ayashimon Chapter 1,877,2022-06-24 19:42:56 UTC,retrieved_on,2021-11-14 15:00:15 UTC,230,144,877,0.9900000095367432,etape4/posts.json,https://www.reddit.com/r/manga/comments/qtrjbv/,
Ayashimon,1,qtv5of,[deleted by user],4797,2022-06-24 19:40:46 UTC,retrieved_on,2021-11-14 17:49:22 UTC,345,240,4797,0.9900000095367432,etape4/posts.json,https://www.reddit.com/r/manga/comments/qtv5of/,Deuxième discussion du chapitre1 identifiée par les commentaires ; titre effacé.
Ayashimon,2,qywpww,[DISC] Ayashimon - Chapter 2,3622,2022-06-24 17:55:33 UTC,retrieved_on,2021-11-21 15:01:06 UTC,264,177,3622,0.9900000095367432,etape4/posts.json,https://www.reddit.com/r/manga/comments/qywpww/,
Ayashimon,3,r4662d,[DISC] Ayashimon - Chapter 3,3132,2022-06-24 16:08:00 UTC,retrieved_on,2021-11-28 15:01:12 UTC,220,155,3132,0.9900000095367432,etape4/posts.json,https://www.reddit.com/r/manga/comments/r4662d/,
Ayashimon,4,r9hh50,[DISC] Ayashimon - Chapter 4,2561,2022-06-24 14:16:49 UTC,retrieved_on,2021-12-05 15:01:09 UTC,125,103,2561,0.9900000095367432,etape4/posts.json,https://www.reddit.com/r/manga/comments/r9hh50/,
Ayashimon,5,reqpso,[DISC] Ayashimon - Chapter 5,2445,2022-06-24 12:28:16 UTC,retrieved_on,2021-12-12 15:01:04 UTC,167,85,2445,0.9900000095367432,etape4/posts.json,https://www.reddit.com/r/manga/comments/reqpso/,
Ayashimon,6,rjyftm,[DISC] Ayashimon - Chapter 6,2294,2022-06-24 10:13:49 UTC,retrieved_on,2021-12-19 15:01:15 UTC,122,68,2294,0.9900000095367432,etape4/posts.json,https://www.reddit.com/r/manga/comments/rjyftm/,
Ayashimon,7,rv3lm4,[DISC] Ayashimon - Chapter 7,2281,2022-06-02 18:40:35 UTC,retrieved_on,2022-01-03 15:01:18 UTC,130,77,2281,0.9900000095367432,etape4/posts.json,https://www.reddit.com/r/manga/comments/rv3lm4/,
Ayashimon,8,s5dlvx,[DISC] Ayashimon - Chapter 8,2630,2022-06-02 11:51:23 UTC,retrieved_on,2022-01-16 15:01:24 UTC,129,89,2630,0.9900000095367432,etape4/posts.json,https://www.reddit.com/r/manga/comments/s5dlvx/,
Ayashimon,9,savhb6,[DISC] Ayashimon - Chapter 9,2737,2022-06-02 08:24:10 UTC,retrieved_on,2022-01-23 15:00:54 UTC,163,119,2737,0.9900000095367432,etape4/posts.json,https://www.reddit.com/r/manga/comments/savhb6/,
Ayashimon,10,sgayi0,[DISC] Ayashimon - Chapter 10,2345,2022-06-02 04:58:33 UTC,retrieved_on,2022-01-30 15:00:51 UTC,142,103,2345,0.9900000095367432,etape4/posts.json,https://www.reddit.com/r/manga/comments/sgayi0/,
Ayashimon,11,slyoir,[DISC] Ayashimon - Chapter 11,2407,2022-06-02 01:19:46 UTC,retrieved_on,2022-02-06 15:01:11 UTC,168,94,2407,0.9900000095367432,etape4/posts.json,https://www.reddit.com/r/manga/comments/slyoir/,
Ayashimon,12,srkhfh,[DISC] Ayashimon - Chapter 12,2259,2022-06-01 21:41:14 UTC,retrieved_on,2022-02-13 15:01:06 UTC,196,100,2259,0.9900000095367432,etape4/posts.json,https://www.reddit.com/r/manga/comments/srkhfh/,
Ayashimon,13,t2q0qj,[DISC] Ayashimon - Chapter 13,2067,2022-06-01 14:16:48 UTC,retrieved_on,2022-02-27 15:00:56 UTC,181,104,2067,0.9900000095367432,etape4/posts.json,https://www.reddit.com/r/manga/comments/t2q0qj/,
Ayashimon,14,t80ibh,[DISC] Ayashimon - Chapter 14,1951,2022-06-01 10:46:02 UTC,retrieved_on,2022-03-06 15:00:56 UTC,109,74,1951,0.9900000095367432,etape4/posts.json,https://www.reddit.com/r/manga/comments/t80ibh/,
Ayashimon,15,td8p1m,[DISC] Ayashimon - Chapter 15,1909,2022-06-01 07:28:53 UTC,retrieved_on,2022-03-13 15:00:48 UTC,88,71,1909,0.9900000095367432,etape4/posts.json,https://www.reddit.com/r/manga/comments/td8p1m/,
Ayashimon,16,th3cam,[DISC] Ayashimon - Chapter 16,1869,2022-06-01 05:02:41 UTC,retrieved_on,2022-03-18 15:01:05 UTC,105,83,1869,0.9900000095367432,etape4/posts.json,https://www.reddit.com/r/manga/comments/th3cam/,
Ayashimon,17,tploxb,[DISC] Ayashimon - Chapter 17,1675,2022-05-31 23:50:36 UTC,retrieved_on,2022-03-27 15:00:52 UTC,97,69,1675,0.9900000095367432,etape4/posts.json,https://www.reddit.com/r/manga/comments/tploxb/,
Ayashimon,18,tvbeme,[DISC] Ayashimon - Chapter 18,1377,2022-05-31 20:00:09 UTC,retrieved_on,2022-04-03 15:09:40 UTC,41,33,1377,0.9800000190734863,etape4/posts.json,https://www.reddit.com/r/manga/comments/tvbeme/,
Ayashimon,18,tvbesv,[DISC] Ayashimon - Chapter 18,533,2022-05-31 20:00:09 UTC,retrieved_on,2022-04-03 15:09:53 UTC,56,35,533,0.9599999785423279,etape4/posts.json,https://www.reddit.com/r/manga/comments/tvbesv/,
Ayashimon,19,u0jdhp,[DISC] Ayashimon - Chapter 19,1632,2022-05-31 16:18:40 UTC,retrieved_on,2022-04-10 15:00:46 UTC,107,78,1632,0.9900000095367432,etape4/posts.json,https://www.reddit.com/r/manga/comments/u0jdhp/,
Ayashimon,20,u5ota5,[DISC] Ayashimon - Chapter 20,1553,2022-05-31 12:42:46 UTC,retrieved_on,2022-04-17 15:01:14 UTC,83,68,1553,0.9800000190734863,etape4/posts.json,https://www.reddit.com/r/manga/comments/u5ota5/,
Ayashimon,21,uawlye,[DISC] Ayashimon - Chapter 21,1591,2022-05-31 08:51:49 UTC,retrieved_on,2022-04-24 15:00:52 UTC,104,80,1591,0.9800000190734863,etape4/posts.json,https://www.reddit.com/r/manga/comments/uawlye/,
Ayashimon,22,ul3k7w,[DISC] Ayashimon - Chapter 22,1536,2022-05-31 01:03:22 UTC,retrieved_on,2022-05-08 15:00:56 UTC,83,65,1536,0.9900000095367432,etape4/posts.json,https://www.reddit.com/r/manga/comments/ul3k7w/,
Ayashimon,23,uq7w7m,[DISC] Ayashimon - Chapter 23,1368,2022-05-30 21:01:27 UTC,retrieved_on,2022-05-15 15:00:46 UTC,61,56,1368,0.9800000190734863,etape4/posts.json,https://www.reddit.com/r/manga/comments/uq7w7m/,
Ayashimon,24,uvcplr,[DISC] Ayashimon - Chapter 24,1566,2022-05-30 16:53:57 UTC,retrieved_on,2022-05-22 15:00:41 UTC,180,106,1566,0.9800000190734863,etape4/posts.json,https://www.reddit.com/r/manga/comments/uvcplr/,
Ayashimon,25,v0cz1m,[DISC] Ayashimon - Chapter 25,1458,2022-05-30 12:45:11 UTC,retrieved_on,2022-05-29 15:00:48 UTC,451,220,1458,0.9800000190734863,etape4/posts.json,https://www.reddit.com/r/manga/comments/v0cz1m/,
Neru,1,odnavs,[DISC] Neru: Way of the Martial Artist Chapter 1,1157,2022-06-26 04:29:16 UTC,retrieved_on,2021-07-04 16:00:14 UTC,127,98,1157,0.9800000190734863,raw/etape2_posts.json,https://www.reddit.com/r/manga/comments/odnavs/,
Neru,3,omtbb7,[DISC] Neru: Way of the Martial Artist - Chapter 3,707,2022-06-26 01:08:38 UTC,retrieved_on,2021-07-18 16:01:00 UTC,50,40,707,0.9900000095367432,raw/etape2_posts.json,https://www.reddit.com/r/manga/comments/omtbb7/,
Neru,7,pdwtdx,[DISC] Neru: Way of the Martial Artist - Chapter 7,661,2022-06-25 14:43:39 UTC,retrieved_on,2021-08-29 15:00:53 UTC,42,37,661,0.9800000190734863,raw/etape2_posts.json,https://www.reddit.com/r/manga/comments/pdwtdx/,
Neru,14,qa0eqa,[DISC] Neru: Way of the Martial Artist - Chapter 14,583,2022-06-25 02:34:03 UTC,retrieved_on,2021-10-17 15:01:05 UTC,23,19,583,0.9800000190734863,raw/etape2_posts.json,https://www.reddit.com/r/manga/comments/qa0eqa/,
Neru,18,qtrxly,[DISC] Neru: Way of the Martial Artist Chapter 18 (END),623,2022-06-24 19:42:42 UTC,retrieved_on,2021-11-14 15:19:05 UTC,143,107,623,0.9700000286102295,raw/etape2_posts.json,https://www.reddit.com/r/manga/comments/qtrxly/,
Sakamoto Days,1,jxrn2a,[DISC] Sakamoto Days - Chapter 1 (New WSJ Series),2733,2021-06-07 15:26:15 UTC,retrieved_utc,2020-11-20 16:00:15 UTC,257,179,2733,0.9900000095367432,raw/sakamoto_posts_preliminary.json,https://www.reddit.com/r/manga/comments/jxrn2a/,
Sakamoto Days,3,k7w8e8,[DISC] SAKAMOTO DAYS - Chapter 3 Officer Nakase and the Mysterious Hero,1394,2021-06-07 22:00:25 UTC,retrieved_utc,2020-12-06 16:00:38 UTC,66,55,1394,0.9900000095367432,raw/sakamoto_posts_preliminary.json,https://www.reddit.com/r/manga/comments/k7w8e8/,
Sakamoto Days,7,kz8xtj,[DISC] SAKAMOTO DAYS - Chapter 7,1199,2021-06-10 18:35:44 UTC,retrieved_utc,2021-01-17 16:00:41 UTC,54,44,1199,0.9900000095367432,raw/sakamoto_posts_preliminary.json,https://www.reddit.com/r/manga/comments/kz8xtj/,
Sakamoto Days,14,lzth0s,[DISC] SAKAMOTO DAYS - Chapter 14,1196,2021-06-11 12:27:18 UTC,retrieved_utc,2021-03-07 16:01:19 UTC,72,56,1196,0.9800000190734863,raw/sakamoto_posts_preliminary.json,https://www.reddit.com/r/manga/comments/lzth0s/,
Sakamoto Days,18,mjyyxc,[DISC] SAKAMOTO DAYS - Chapter 18,1322,2021-06-11 22:58:58 UTC,retrieved_utc,2021-04-04 16:00:24 UTC,68,51,1322,0.9900000095367432,raw/sakamoto_posts_preliminary.json,https://www.reddit.com/r/manga/comments/mjyyxc/,
