theme	statut_par_rapport_v1	appuis	contrepoint_ou_limite	consequence
Canal antérieur : prototype et distinction rapportée	Nouveau facteur central de découverte	h3835rv;h38ruwi;message63633942	Le concours est cité par un lecteur ; effet quantitatif du prix et notoriété antérieure non mesurés.	Ne plus décrire le lancement comme une découverte sans attentes préexistantes.
Circulation du prototype et recommandation	Nouveau canal explicite	h38e321;h3jz7sq	Un lecteur cite Forneverworld ; aucune campagne globale ni audience du prescripteur mesurée.	Séparer canaux d’exposition et qualités qui plaisent après l’essai.
Comparaison défavorable au prototype	Nouveau conflit d’attentes	h38e321;h382a4z;h38a7z6	Doomroar préfère au contraire la nouvelle version (h38ydzf).	Le prototype est un étalon critique, pas seulement une réserve d’enthousiasme.
Qualification morale de la chasse	Sous-exploité puis remonté dans l’explication	h38z0hb;h38ikgq;h38juwx;message63636017	Une même proposition de prédation sans morale plaît ou semble contredite par la cruauté des monstres.	Distinguer originalité décorative des contes et attente éthique/politique.
Familiarité jugée rassurante ou dérivative	Nouveau contrepoint à l’originalité	h395f2s;h3839h1;h38cyda	Une comparaison seule n’indique pas une appréciation.	Ne pas supposer que l’attraction repose exclusivement sur la nouveauté.
Attachement et noyau affectif dès le début	Renforce et déplace la chronologie	h38xahg;h398txz;h38cyda	Le maire touche certains et laisse d’autres froids.	Les difficultés d’investissement ne commencent pas nécessairement avec le casting de l’examen.
Découverte par image et par style	Maintenu mais replacé parmi plusieurs canaux	h383zye;h39v0rz;h3mywox	Les proportions sont aussi critiquées ; pas de taille de segment mesurée.	Ne plus faire des deux axes design/monde une couverture complète de l’acquisition.
Cadre de compétition éditoriale dès le lancement	Nouveau facteur d’attente	h38i0t2;h389zul;h39kf6s	Pronostics et plaisanteries ne sont pas les décisions de l’éditeur.	Séparer espoir narratif et pari sur la survie de la série.
Chapitre5 : fin du prologue efficace ou tardive	Analyse nouvelle propre au chapitre	h7bnbi8;h7buoqw;h7e6zpu;message64004421	Désaccord frontal sur la même durée ; pas de consensus mesuré.	Remplacer un récit unique de lenteur par plusieurs jugements sur ce que cinq chapitres accomplissent.
Chapitre5 : conséquences sans massacre	Nouveau désaccord sur les enjeux	h7bxo2w;h7bl69s;message64004019	Certains voient une tragédie du déplacement, d’autres une menace affaiblie. Des disparus restent mentionnés.	Ne pas réduire la demande d’enjeux à une demande générale de morts.
Chapitre5 : ennemis, coexistence et extermination	Renforcement de l’attente morale	h7bt1qe;h7bxo2w;h7bz8ce	Prédictions de lecteurs sur la Red List, pas preuve du plan de l’auteur.	Monde et antagonistes intéressent aussi pour leurs conflits possibles, pas seulement leurs designs.
Chapitre5 : déplacement de la chasse technique	Nouveau lien explicite prototype→frustration	h7bwu5r;h7d3zb8	Les outils restent reconnus présents ; il s’agit d’une importance relative perçue.	La divergence de promesse apparaît avant l’examen.
Chapitre5 : formes de Grimm interprétées différemment	Nouveau rôle de la connaissance préalable	h7bmwzw;h7f1o6z;message64035387	Interprétations provisoires de la forme normale/malédiction ; ne pas reprendre comme canon.	L’identité du personnage peut sembler modifiée pour un ancien lecteur du prototype.
Chapitre5 : intention ferme de ne plus suivre	Nouveau cas de désengagement verbal	h7cdbon	Futur déclaré, pas comportement ultérieur vérifié.	Distinguer annonce d’arrêt et arrêt réalisé.
Chapitre15 : regain d’intérêt	Analyse nouvelle propre au chapitre	hh0udwf;hgzpw4c;message64681254	Les mêmes révélations peuvent paraître confuses.	Un rebond ne signifie pas simplement retour uniforme de l’enthousiasme initial.
Chapitre15 : perte d’intérêt au moment du méta	Contre-exemple qui modifie l’explication	hh02cin;message64680956	Le premier lecteur aimait l’examen ; le second juge le chapitre plus intéressant mais le livre nuisible à son intérêt pour le monde.	Ne pas présenter le méta comme une récompense universelle seulement arrivée trop tard.
Chapitre15 : communauté focalisée sur la hache	Nouveau niveau d’analyse social	hgztjz6;hh0xscd;hh07sq8	Plaintes sur la discussion, pas mesures de l’effet du fatalisme sur les abandons.	Séparer contenu du chapitre, avenir éditorial et expérience de participer au fil.
Chapitre15 : retrait de confiance envers les nouvelles séries	Nouvelle attente au-delà de Red Hood	hh03xpc;hh0q6yv	Intentions déclarées à chaud ; pas suivi ultérieur des achats ou lectures.	Le risque d’annulation devient un coût d’investissement déclaré pour de futures lectures.
Chapitre15 : lire les commentaires après arrêt de lecture	Correction substantielle de portée	hh18t9b	Motif d’arrêt non précisé ; pas durée de lecture reconstituée.	La présence dans un fil peut explicitement survivre à la lecture du manga.
Chapitre15 : abandon déclaré lié à Grimm et au héros	Nouveau cas concret	hhjxi1q	Raisons déclarées par xenoz2020, pas diagnostic objectif ; la phrase sur les Japonais n’est pas validée.	Documenter un arrêt effectué plutôt que limiter l’étude aux intentions d’arrêt.
Chapitre15 : fidélité et achat malgré la fin pressentie	Contrepoint direct aux abandons	hgzpxpx;hgzzozk	Déclarations, pas transactions vérifiées.	La crainte de l’arrêt n’implique pas toujours désengagement.
MAL : persistance d’un avis après menace d’arrêt	Trajectoire complétée	message64638445;message64680338	Un nouvel avis n’est pas une mesure de complétion intégrale.	KneelBeforeMe intervient encore au15 ; ne pas traiter le14comme abandon effectif.
Goodreads : lire pour l’histoire malgré le dessin	Contre-exemple qui déplace le cadrage	GRR5256209412;GRR5323212620	Un parcours sélectionné, deux notes publiées après sérialisation.	Le design n’est pas une porte d’entrée nécessaire ; montrer aussi le parcours inverse.
Goodreads : support matériel de lecture	Nouveau facteur de lisibilité déclaré	GRR5256209412	La petite taille d’écran est une réserve formulée par Jen, pas un effet expérimentalement mesuré.	Ne pas attribuer toute difficulté visuelle au seul dessin.
Goodreads : bonus et objet réellement noté	Nouveau facteur d’interprétation des moyennes	GRR5651632418;GRR5442928757;GRR5390181024;GRR5403452708	Des bonus plaisent et déplaisent ; les nombres de pages cités par les lecteurs ne sont pas adoptés comme pagination vérifiée.	Une note du tome2 ne mesure pas seulement l’examen de Red Hood.
Goodreads : une fiche de tome peut recevoir un avis de série	Correction de l’unité d’observation	GRR4545043969;GRR4312490642	Phil annonce explicitement juger les18chapitres sur la ficheT1 ; date de création ne fige pas le texte.	Ne pas convertir les moyennes en courbe pure d’appréciation des chapitres contenus.
Goodreads : coût limité d’une série courte	Nouveau motif de continuation	GRR6038438928	Alyson dit qu’elle ne finirait probablement pas si la série dépassait trois tomes ; conditionnel rétrospectif.	Continuer jusqu’au bout ne prouve pas une satisfaction forte.
Goodreads : exemplaires de presse et bibliothèques	Nouveau contexte de lecture	GRR5256209412;GRR5039468804;GRR6023325432	Mentions de NetGalley/VIZ ou bibliothèque ; pas preuve de rémunération ou de notes biaisées individuellement.	Ne pas assimiler tout Goodreads au lectorat hebdomadaire de2021.
Goodreads : appréciation de l’examen	Contre-exemple préservé	GRR5254231198;GRR5428598512;GRR4355962082	Trois avis sélectionnés ; pas une prévalence générale.	Le passage au tome relié ne rend pas le rejet de l’examen unanime.
Goodreads : abandon déclaré en cours de tome	Nouveau cas rétrospectif	GRR5514802428	Yuiko déclare s’être arrêtée avant la moitié ; un cas, après publication.	Distinguer fin de lecture effective, non-achèvement et souhait de ne pas acheter la suite.
